0.18033,4.37133,-2.13159,3.33165,-1.16359,5.39515,2.13030,0.24552,-2.48708,2.89390,-4.19394,1
1.38036,3.41712,3.46968,1.94229,-0.01508,0.77725,3.01762,2.72307,-0.34160,0.73466,-0.10187,1
0.92486,1.99598,0.39337,0.77287,-0.65886,0.19452,0.62209,-1.59316,1.46955,1.12622,0.44725,1
-0.49022,5.80472,-0.92598,3.40232,-2.50514,4.56969,1.36281,1.57249,-4.10864,0.67507,-0.90926,1
-1.03948,1.10126,4.56721,0.31033,-0.32851,-2.57738,0.50612,-0.49133,0.80213,3.27184,0.86436,1
1.57887,4.41896,-0.32921,0.66072,-1.64282,4.08312,1.13991,1.68505,0.11180,-1.94120,-3.50203,1
0.36544,1.13216,-0.45289,0.78790,-0.99331,-1.46911,1.16899,-2.09335,2.26700,1.28915,0.50706,1
-0.75766,0.94893,5.60648,1.16944,-2.73730,-6.62163,2.97100,-1.91569,3.32564,4.13639,-0.57464,1
3.04023,-2.84586,2.26072,-2.19449,1.02212,-4.64061,0.59339,-3.46865,3.96897,2.82686,2.12979,1
-2.82864,0.56727,0.35038,-2.83105,0.80814,-0.67452,-2.04689,0.87225,-1.97549,2.82612,2.65254,1
1.30571,0.41804,0.54825,0.45877,-0.11819,0.16291,-1.11446,-3.55074,2.75346,0.26527,0.73766,1
2.16456,3.03695,-0.53402,0.80596,-3.03651,-1.17041,2.72097,-1.79554,3.56705,-0.19755,-1.78594,1
-0.72796,-1.79053,1.57375,-4.35252,-0.41799,-7.91456,1.17091,1.95483,2.03060,-0.38401,4.77978,1
-2.13966,-1.41447,2.25671,-2.58656,1.15956,-6.37921,0.85738,0.81106,1.07826,3.47211,4.72780,1
0.01145,2.52206,3.04490,-1.13381,0.41881,0.86460,-0.66659,-1.31890,0.33219,4.90464,-0.17963,1
3.18613,2.81499,5.01393,-0.80096,-3.56908,-4.74424,3.43151,-2.30310,5.54464,2.39659,-2.36262,1
1.90112,0.82327,2.93686,-0.25975,-2.20464,-5.51679,3.94248,0.49942,4.68520,-1.02019,-0.51914,1
1.31730,-1.21169,-0.65152,1.40290,-0.29357,0.59431,-2.94893,-6.77642,3.08094,0.05785,0.97385,1
2.69096,-0.60067,-0.44209,-0.00300,1.11537,1.88975,-0.29164,-3.52191,2.87848,1.76210,-2.41134,1
-2.53041,1.94679,0.71399,2.74055,-0.75872,4.29981,-3.48648,-2.48635,-1.69458,0.50242,-1.53377,0
-0.81624,1.46301,-1.07813,-1.11933,-0.25973,-0.98694,1.15154,2.69100,-0.48787,-0.94952,1.80049,1
1.16724,1.88394,-1.66077,0.93284,-0.94809,1.76335,1.16221,-1.90076,0.14190,2.68577,-1.90406,1
-2.50468,1.70995,-2.07843,-2.78082,-1.58318,0.70010,-1.99591,1.48086,-1.85828,-0.94755,0.09578,1
0.42859,3.09515,2.97625,-0.08548,-2.15086,-0.43945,1.69942,1.51560,0.91320,0.03966,-2.56695,1
2.12124,-2.22043,-2.31199,-0.68717,0.13931,1.37844,-4.43370,-9.13432,6.07205,-0.12684,-1.38611,1
-1.93178,-0.11634,0.35492,-3.40796,1.31719,-2.59247,1.16506,4.30702,-1.75595,2.03366,2.05402,0
-0.68876,0.45884,-0.95721,2.09730,-1.27263,3.99932,-0.48141,0.86476,-2.83036,-1.39177,-4.88732,1
-2.51176,0.67163,2.11613,1.37345,-0.57952,-3.76547,1.99009,0.29493,-0.12478,3.59442,1.57002,1
1.35161,1.54810,-1.85946,-0.03482,-1.24684,2.66229,-1.51055,-3.51099,1.32991,0.25153,-1.65142,1
-2.44497,1.97852,-2.06522,3.89943,-3.90526,5.14850,-3.33284,-2.69432,-3.43423,-2.28546,-4.03483,1
-1.21179,5.42900,-6.57703,4.08500,-5.33677,8.29572,-3.98572,-7.07591,-2.67173,0.38420,-3.74877,1
-1.38813,0.75626,1.57548,2.27157,-0.02992,-2.68319,3.46493,1.97920,1.23875,0.79219,-0.26700,1
-1.61707,-0.94677,1.61959,-1.88926,0.15015,-4.94696,0.28174,0.57330,0.87862,1.24538,3.70972,1
0.96592,-0.89551,-2.24644,1.40508,0.02055,3.72005,-3.82415,-5.98321,3.20782,-2.04070,-2.18851,1
-0.28107,1.33788,-1.41007,1.09199,-3.17613,-5.55285,5.14537,1.40373,3.25852,-1.59249,-0.23134,1
1.58136,1.80312,-0.61865,0.60369,-0.53357,2.88248,-1.55377,-3.94491,2.24516,0.56813,-1.34825,1
-1.46713,0.64956,1.02391,-1.98445,1.68288,-1.04459,-0.53044,2.27750,-1.39416,1.38351,4.06206,1
-2.18464,1.47342,2.15818,-1.48057,-1.35890,-3.92298,1.74442,2.40230,0.59097,1.30498,0.33921,1
2.28123,0.30445,-3.96640,-3.21110,0.93646,-1.96851,4.06868,0.88821,4.37534,1.59054,-1.57672,0
-0.05452,0.32381,-0.70451,2.23485,-1.29490,1.56591,0.33462,-1.18506,-1.67946,1.03455,-2.21931,1
2.22249,1.23086,-1.85543,-0.20086,-1.44244,1.25690,-5.22771,-9.05371,5.20179,-2.02654,4.00263,1
2.90984,-1.07690,-2.77369,0.20380,-0.35981,1.26775,-3.80678,-8.16919,3.81392,-0.93565,2.49190,1
-1.07262,4.90965,-2.23344,3.58139,-2.47964,6.14469,-1.89158,-3.35618,-0.29436,-0.09815,-3.18860,1
-2.47426,3.03953,-1.36344,3.63675,-3.79344,3.91377,-3.66570,-6.00746,0.03355,0.35918,-3.16487,1
2.76736,-0.09679,1.16141,-1.04871,0.33962,-2.01805,3.17888,1.71443,-1.23936,2.69085,1.44198,1
-1.52463,0.98255,0.21080,-2.23419,-0.73931,-1.72641,-0.29094,1.21815,-0.64609,0.91750,1.41284,1
-2.02289,2.31750,1.74198,1.20343,0.97396,1.72155,0.16767,1.07988,-0.75209,2.58142,-0.67138,1
-1.91853,2.13758,-1.51547,4.57232,-2.70122,5.07895,-3.62738,-5.04601,-0.39754,-1.43093,-3.19716,1
0.56683,0.46838,-1.05649,1.39013,-0.23917,4.88648,-1.88192,-2.15835,0.87149,-1.31365,-5.17697,1
2.29276,1.16604,-1.34362,0.28549,1.50529,4.58407,-0.04552,-1.89772,3.10732,0.53871,-4.51683,1
1.18211,0.85029,-2.88986,1.08073,-2.07662,1.93667,-2.31130,-7.00885,1.44447,1.95677,-0.58797,1
-2.88326,-3.35421,-0.44927,-1.99022,-0.50643,-8.72223,0.40982,-1.34123,2.62711,0.94042,5.15639,1
3.02133,0.46759,0.23331,-1.82801,0.58303,-0.56393,0.69007,-2.67609,3.29761,2.70260,-0.00080,1
4.83907,-1.41581,-1.30064,-3.66254,0.37342,-1.51958,0.19443,-4.04171,3.17763,2.74332,0.86704,1
0.90831,1.24000,-2.18282,0.57639,-1.93976,2.27800,-1.47416,-4.64717,0.68849,1.66853,-2.08828,1
-4.54559,1.02766,0.37623,0.41437,2.63785,0.21255,0.41462,4.22979,-3.41142,2.74996,2.76544,1
0.46463,1.47074,3.17617,1.31298,-2.08557,-2.67443,1.21175,-2.32283,3.48095,0.86100,-0.93658,1
2.15150,2.22558,-3.40181,0.36109,-2.51516,2.69647,-0.45037,-4.13230,-1.34394,2.74273,-0.74050,1
-0.38374,1.93739,2.54763,-1.09651,-1.54846,-1.92560,0.66555,1.13075,0.92742,-0.00816,-0.01828,1
-2.09060,2.47989,-1.89991,3.00028,-3.79397,5.40216,-2.32951,-1.93505,-3.62328,-0.45865,-5.73456,1
-2.55744,0.94572,2.64229,-0.70855,0.61978,-0.55506,-1.18791,1.25590,-1.97463,2.42434,1.90693,1
1.22342,1.32364,-1.43202,0.20260,-1.99774,1.48086,-3.66883,-5.73103,2.12271,-1.71832,1.96385,1
0.37983,-0.77815,2.46363,1.55483,-0.08060,-1.04855,-1.65691,-4.13071,2.75507,0.26820,1.02026,1
-2.97193,-1.45979,1.09412,-0.95559,-1.86535,-6.82596,0.42960,-1.29958,2.41473,1.05818,1.79289,1
-0.06570,0.76550,3.88262,1.44582,-2.64684,-5.46476,3.15508,-0.49137,3.11724,0.74097,-0.58594,1
1.08376,-1.55261,0.04436,-0.58726,0.07233,2.67119,-2.01149,-2.04232,1.71492,-1.21157,-5.32006,1
1.04203,2.96098,5.43764,0.75582,-2.61149,-4.20051,4.01711,0.43819,2.99680,2.45559,-1.68629,1
2.09558,-0.39586,-2.71738,1.80254,0.07439,2.34704,-1.45420,-6.18553,2.19342,1.44101,-0.29677,1
1.24894,1.73105,-2.32788,2.39424,0.00784,5.84460,-2.35281,-3.76821,1.66814,-1.80907,-2.50948,1
0.41908,0.64530,-1.32225,1.57019,-0.91295,2.54228,-0.10880,-0.95157,-1.25324,0.11343,-2.26198,1
0.93007,0.75762,-0.42075,1.99927,1.49867,3.55500,-1.33293,-3.19203,3.87463,-0.95541,-2.04130,1
1.19846,-1.79015,-0.94968,1.13685,-0.24462,0.42535,-2.13705,-5.90103,2.40507,0.77743,-0.42014,1
0.93862,1.24976,-1.09845,0.62244,-1.89531,-0.01388,0.27619,-4.01731,0.15894,3.96885,-0.52723,1
2.29364,0.26867,-2.39656,-1.98706,-2.53643,0.31063,-1.43755,-4.65201,0.25204,2.08868,-0.72021,1
-1.82586,0.51482,-0.05582,-0.87333,-1.71965,-3.77579,1.61110,1.55395,1.28889,-0.75883,0.16083,1
0.00546,0.49046,-0.09408,1.05014,-1.69793,0.41860,-1.96796,-3.26880,0.41214,-0.67432,0.65380,1
3.27474,-3.28862,0.86318,-1.28859,1.62212,-1.34021,0.90308,-1.66209,1.76103,1.88925,-1.12589,1
1.71979,1.63197,1.39440,-2.78902,-0.72945,-1.63293,0.06481,-0.84963,0.95781,2.13494,2.12146,1
1.05167,-0.41410,0.07305,0.71453,0.51027,0.95570,-1.21104,-3.98256,3.55213,0.48935,-1.44965,1
-1.40532,6.82329,-2.85929,6.54905,-1.27365,6.04606,2.92127,-1.36782,-1.77526,4.74176,-2.81403,1
0.15502,-0.87055,-1.72959,0.78349,-2.42803,1.58451,-3.48714,-5.24428,0.12228,-0.96826,-1.55128,1
0.72130,3.06871,1.17822,-2.48579,-1.40551,-0.00937,0.10717,-0.14847,1.13514,1.82884,-0.85224,1
0.26927,2.49806,-0.90783,-2.14886,-1.62749,-2.19940,1.53149,-0.81319,1.91248,2.70780,0.57184,1
-6.41903,-2.74684,2.73016,-2.95184,1.10839,-6.81967,-1.26557,3.76232,-2.04168,1.31294,4.99682,1
-0.20101,0.95160,1.57871,1.56890,-0.56635,0.05994,1.00194,-0.84696,0.43451,2.13480,-1.87124,1
1.01185,1.30331,-1.30389,-0.31978,-2.30981,1.53325,-3.27431,-7.34073,3.26939,1.53583,-1.52180,1
-0.39264,1.67109,-0.79120,-1.32088,-1.08663,-1.67303,0.48674,-0.59041,0.64808,1.63134,1.79016,1
-0.24348,1.40301,-2.24697,1.88426,-1.69112,3.53795,-2.31570,-4.12486,0.67446,-0.48736,-2.41763,1
-0.65116,1.01244,1.14608,1.40108,-1.29389,2.14768,-2.60462,-3.95745,2.11102,-0.04759,-3.09908,1
1.10783,2.59595,-0.23697,-1.76768,-0.76559,-0.56864,0.84222,-0.36335,1.33749,1.57447,1.16072,1
0.53802,-0.91956,1.44721,0.65860,-0.07349,0.84734,-1.78420,-2.53343,1.92984,-0.96738,-1.85953,1
1.41922,0.56187,-1.37733,-1.17131,-2.20977,1.44136,-3.61792,-5.70724,2.17115,-0.60895,-0.65656,1
-0.93905,2.87622,-2.46685,2.42539,-3.58474,3.86961,-4.13575,-6.66891,0.65781,-0.57984,-1.35258,1
-2.11871,-0.84537,-1.89941,-1.68729,-2.14152,-6.74516,1.72160,0.39063,2.40390,-1.16432,2.76166,1
2.95617,0.67143,-1.15593,0.75119,2.23421,3.25804,1.12549,-1.56314,3.06955,1.03458,-2.31100,1
0.01599,2.03364,2.66807,1.47996,-0.66108,-0.56969,-0.84024,-3.86666,3.23671,1.82796,0.95537,1
-0.46781,2.61349,-1.14802,3.31554,-0.27259,4.26816,1.07629,-1.16191,-0.25500,2.47241,-4.46874,1
-0.72277,3.72884,3.40668,0.25269,-0.66069,3.15163,-1.29042,-0.04790,-1.19017,2.56037,-2.07315,1
0.84945,0.37712,-1.63858,1.79743,-0.61258,4.42431,-3.18614,-3.82293,0.76963,-2.40595,-1.83023,1
-0.10035,3.91006,0.79394,0.82173,-0.84976,3.86264,-0.85035,-1.80232,0.49356,2.47523,-2.97159,1
-1.65893,2.47876,0.57302,2.58113,-2.44209,3.87743,-0.80330,-0.48981,-2.10684,0.46979,-5.43602,1
2.35773,0.42190,-2.42855,0.57221,1.26546,4.73249,-2.40095,-4.50259,4.05559,-1.52786,-2.27871,1
-0.97720,1.89269,1.70766,-2.71093,-2.55145,-4.61453,1.83585,1.46578,1.36584,1.31441,0.21796,1
-0.14351,2.25338,-1.67744,2.27160,-1.86745,3.42442,-0.90658,-3.85403,-0.01035,2.10215,-3.21530,1
1.83308,0.30270,-0.15228,-0.23462,0.50305,1.36386,-0.28690,-2.62772,2.70823,1.11802,-1.83658,1
2.64466,0.50443,-2.32964,0.72382,0.58150,2.10713,0.51864,-3.07234,1.74877,1.54112,-0.66856,1
1.69401,-1.58856,-2.26779,-0.57853,-2.48815,-0.17698,-3.39270,-5.91945,0.33483,-0.99981,1.35907,1
2.85108,-0.48436,-1.96344,-1.08457,-1.28193,-0.47760,-0.69219,-3.36859,0.02589,0.59120,2.11015,1
1.11018,-1.23031,-0.73242,0.11746,-0.65915,0.17951,-1.72408,-4.11827,1.63719,0.18659,-0.55864,1
-0.90242,4.19991,-2.21075,3.15590,-3.85367,2.29817,-1.59049,-4.77937,-1.55026,1.54985,1.43093,1
3.48712,-0.54564,-2.40223,-1.37653,-1.03243,-0.76828,-0.33622,-5.19026,1.26038,2.90027,1.67820,1
-0.78621,5.67331,-0.66250,3.60203,-1.32474,5.13036,3.20936,2.68839,-3.44499,3.02014,-4.37463,1
-1.83420,0.09148,-2.32727,-2.28616,0.38831,-3.43457,2.64682,5.47656,-0.12232,-2.46539,2.55163,1
-0.13712,-0.99801,4.96212,0.01295,1.47317,-1.74679,1.80120,4.64392,-3.71293,1.64510,1.32575,0
-1.72088,1.14426,3.01901,-1.68840,-1.18074,-3.91327,0.50530,0.65060,0.30197,2.56716,1.67175,1
0.62948,1.72134,4.16531,1.30936,-0.43471,-2.65769,2.89921,0.65235,2.07125,1.80092,0.10809,1
-1.29235,1.35477,-0.89679,-0.69917,-1.72357,-3.74325,3.29208,3.42158,1.00028,-1.56878,0.42875,1
-1.10384,-0.92765,1.60774,-3.35240,0.36043,-5.60037,0.26070,0.35168,1.70375,1.91857,4.08956,1
1.68814,0.76875,-0.83032,0.82558,-0.07650,1.82550,-2.03578,-5.25992,3.51216,0.05675,0.18124,1
-1.66864,-1.58673,-0.47299,-3.69920,0.22372,-6.26851,-0.44780,-3.14114,3.63549,4.23596,3.71182,1
-0.76568,0.82775,3.09337,-3.35312,1.25029,-1.71567,-0.48847,2.76618,-1.19106,1.92376,3.09707,1
3.19104,1.40074,-2.82719,-0.13731,0.28730,2.28877,-0.28555,-4.84035,3.04582,2.15524,0.06488,1
1.53011,3.52807,-2.02159,-1.66240,-2.22157,-0.47113,1.47446,-2.36406,2.82822,2.59559,-0.78316,1
1.10027,0.80518,-0.24116,-0.35640,-1.80694,0.73028,-1.11752,-3.04374,0.42364,1.12065,-1.21852,1
1.20429,2.39236,0.87300,1.02234,0.03658,-0.98495,4.15035,0.29098,0.06551,5.61929,-0.26065,1
1.02924,2.74421,2.34438,0.96908,-3.08228,-4.17669,4.29903,0.04862,3.88337,0.54170,-1.55735,1
-1.06637,-0.41441,2.86334,-3.77385,-0.28676,-3.16086,-2.88976,-2.42291,0.89677,3.22020,2.80462,1
-0.72147,-0.20798,0.18003,1.67910,-0.52584,-4.91876,3.47502,0.64961,2.68390,-0.39661,2.15802,1
4.54176,-3.56544,1.41940,-1.20052,3.59577,-1.32037,0.92231,-1.06151,3.53116,-0.24888,1.56905,1
1.77461,2.11818,-2.32499,2.15381,0.55127,5.38737,-1.62977,-4.85689,3.10057,0.28897,-2.42026,1
-0.33652,0.36333,1.65501,-0.69935,-3.44783,-7.59404,3.81289,0.10427,3.57306,0.42640,0.12559,1
0.05317,4.00260,-2.47270,2.34787,-1.39770,6.12799,-2.27784,-4.26570,1.71335,-0.18430,-3.47464,1
1.21295,-0.68547,-0.58507,-0.04775,-1.37324,-1.53722,0.66475,-1.89433,-0.98989,2.15183,0.68302,1
1.01605,2.20589,1.10237,2.00817,-1.65143,-1.82776,3.38062,-0.05466,2.40145,0.30387,-0.79165,1
0.08280,1.59853,1.35703,-1.10528,-0.77827,-1.27925,0.13591,-1.19983,1.18111,2.46832,0.60388,1
-4.87392,-1.08348,-2.56462,-1.57221,0.47312,-1.46082,-2.13822,1.05161,-2.61187,0.88759,2.97276,1
-0.49753,1.26338,2.26375,0.22036,-1.03851,-1.89564,0.41573,-1.53959,2.04091,1.92426,-0.18969,1
-1.44640,4.04563,-2.19382,2.31046,-5.07817,2.00525,-4.13467,-10.37675,2.12887,3.72112,-0.98059,1
1.01639,2.00620,-0.24206,1.38878,-0.36066,3.51172,-1.26634,-2.12228,1.25342,-0.89527,-1.56420,1
0.52104,3.78444,-1.37587,-0.84879,-2.23781,0.79162,1.91894,2.23513,0.11611,-1.23152,-1.44973,1
-0.50633,0.54846,0.10343,-3.24029,-2.07870,-4.47874,0.39827,-0.57141,2.61567,0.41031,0.99363,1
1.21605,2.21212,-2.37171,1.70739,-0.52933,3.61280,-0.36077,-3.33219,1.03202,1.32171,-1.65822,1
1.92701,1.16903,-3.30534,0.22037,-1.92767,2.26931,-0.67192,-4.14540,-0.40254,2.02353,-1.16658,1
1.14750,0.93994,-0.42885,-1.56725,-0.58251,-2.77473,2.23423,1.57940,1.77730,-1.01173,1.88958,1
-0.82559,3.16386,-2.33629,3.53912,-1.41961,6.25802,-1.85786,-3.03236,0.08840,-0.67027,-4.33286,1
-1.39090,3.50850,-0.52590,1.82984,1.47294,3.78950,0.48777,1.59790,-2.28231,2.44792,0.91275,1
1.80477,0.48641,-1.39521,-0.52029,-0.98009,2.26091,-1.38734,-3.49428,1.15792,0.80802,-2.38038,1
0.11557,1.57480,0.29772,1.23527,-1.03663,2.84270,-0.88343,-1.37291,-0.01980,0.12445,-3.00485,1
-0.90252,1.92132,0.83968,1.36062,-2.31602,-0.99930,1.50314,-0.26482,1.27121,0.30892,-2.46490,1
-0.32929,1.10205,0.58958,1.21482,-0.61727,-4.01879,3.45333,-1.11684,2.83203,3.45724,1.05926,1
1.84876,2.33324,2.02593,-0.34628,-3.45219,-5.17937,4.43298,0.62102,4.29618,-0.81907,-0.95914,1
-0.95702,1.28509,1.78236,2.17081,-1.96634,-1.58427,0.35473,-3.13203,0.17451,3.58203,0.18552,1
-0.01371,2.65655,-1.37836,-1.54529,-0.05348,0.38838,1.42057,2.36100,0.11159,0.12764,0.66923,1
1.12169,-1.67797,3.79834,0.62309,1.94356,-0.54049,-0.25871,-1.29407,3.54467,-0.01368,-1.50314,1
-1.48362,2.73871,-1.91308,3.60299,-1.85276,4.19430,-1.70424,-5.25183,1.46203,1.84267,-4.13526,1
0.12193,0.55596,-0.57744,-0.15636,-2.69452,-0.69207,-1.30311,-5.83120,1.74022,3.72037,-2.03117,1
1.15498,1.34922,-2.36828,0.45874,-2.52319,1.83218,-3.49933,-5.96246,1.07627,-1.08639,1.55891,1
-2.18306,1.12675,2.19443,-0.15141,0.05140,-0.74801,-1.66700,-2.52059,-0.08846,4.74686,1.38956,1
-2.83737,0.57783,-0.21440,-0.05760,-2.02786,-4.02065,4.66450,4.78945,-2.80246,2.62108,-1.96301,0
-5.74307,-0.70897,-5.94121,-1.39696,1.11000,1.77726,-2.44204,4.62865,-3.95914,-4.12034,1.84937,1
-0.32543,2.71711,-1.23439,1.50784,-3.09212,1.63800,-1.94715,-5.51420,0.71290,2.08707,-0.86699,1
1.31989,-0.19489,-1.36453,-0.61503,-0.98450,2.03993,-2.68949,-6.02372,3.60284,1.00064,-3.59364,1
-0.31409,2.55532,-1.46610,-0.30815,-1.56280,-0.40937,1.85038,2.08622,0.56036,-1.58582,-0.28482,1
-0.89420,-0.40230,2.51680,-1.84489,0.11429,-4.47779,1.18863,2.38643,0.65481,0.05733,2.78625,1
1.46243,3.14278,-1.79788,-0.05971,-2.19461,1.19086,0.71141,-2.18026,1.88173,0.65360,-1.49219,1
-0.21628,0.88836,-2.23368,1.91064,-2.36063,2.10941,-3.82595,-8.09962,2.61150,0.62191,-0.88046,1
2.38108,-1.37745,0.42501,-0.60126,0.43726,2.22635,-4.02921,-5.75201,4.31900,-1.78617,-1.53584,1
-2.91174,-0.96015,3.03397,-0.60648,0.16513,-5.78252,0.44847,-1.52818,1.71802,4.77550,2.62565,1
1.88440,0.08778,0.81396,1.06718,2.20155,2.62472,2.76749,1.65486,0.62393,2.08952,-4.61789,1
-1.41242,-0.48512,2.11253,-2.39221,-1.78988,-6.76831,1.18223,0.06438,2.46709,1.03854,1.96410,1
-0.27437,2.88856,-0.50448,-0.38550,-3.38055,2.67566,-1.92947,-1.14323,-1.52715,-0.78464,-2.60030,1
-0.09485,1.52676,-0.48367,-0.51557,-2.48728,-4.26900,3.27236,0.46192,2.54412,0.33018,-0.06414,1
0.67392,1.96618,-2.44698,1.38580,-2.81984,4.03013,-3.59721,-5.54131,-0.27802,-0.63135,-1.10184,1
0.19795,-0.39951,2.41234,-2.96780,-2.38369,-7.63600,2.08241,-0.40532,3.62051,1.05932,1.57662,1
0.26733,1.89959,-0.03797,0.35364,-0.37282,-1.13171,2.07825,0.62167,0.55428,1.34097,1.36297,1
-0.70511,-0.05207,3.30259,-3.45986,3.08860,-1.26482,-0.01851,5.22162,-1.23906,0.15616,3.39920,0
1.73259,1.79848,4.56372,0.01800,-1.28074,-2.67165,1.89453,-0.65308,2.85264,1.48222,-0.33364,1
-0.50667,2.37475,1.20095,1.81943,0.15377,1.33724,0.99160,1.48435,-1.20909,0.59554,0.63355,1
-2.85625,-1.45198,0.83062,-2.45807,1.39998,-5.48478,0.51854,2.29029,-0.63893,2.00252,5.68055,1
-1.68169,2.23397,0.64476,-2.37200,-2.87592,-0.68906,-0.38708,2.75214,-2.10522,-1.01972,-1.08914,1
3.23944,-0.64062,-2.82422,0.60952,0.70709,2.27126,-1.47720,-5.34950,2.76875,0.01261,0.67511,1
-0.87099,0.74489,-0.88862,-2.97137,-0.16197,-1.99503,0.02381,1.20963,0.12167,0.71486,2.25472,1
-1.05114,0.99242,2.83440,-0.66274,0.71818,-2.94826,1.54934,1.71058,-0.60842,3.35786,3.06712,1
0.73693,0.92451,1.90622,-3.13802,-3.01502,-4.23065,0.40916,-0.17282,2.01830,-0.56380,0.35920,1
-1.51345,-1.92366,0.29457,-2.63166,-0.04778,-9.35709,3.30998,1.72747,2.85016,1.12524,5.28589,1
0.35376,-0.17509,-1.40824,1.30466,-1.72070,1.55424,-2.65158,-4.89478,0.68962,-0.42421,-0.69713,1
1.13985,2.75927,2.32595,2.37283,-4.02975,-4.22428,5.43257,1.37655,3.42569,-1.62980,-2.70697,1
1.06514,3.37400,1.60233,-1.66900,-2.14976,0.67266,-0.31671,-2.43878,2.19794,2.88000,-2.78626,1
-0.40466,2.03405,0.79199,1.58522,1.19904,2.55557,-0.33064,0.13650,-0.74240,1.16579,0.95070,1
2.65714,0.17380,-0.95899,0.83296,1.18370,-0.71122,2.49537,-1.93496,1.38985,3.47444,1.82761,1
-1.51245,5.12780,-1.24525,3.12473,-3.95640,2.51003,0.59707,-2.90481,-2.54120,4.71621,-2.03330,1
0.40858,0.68433,2.57083,-4.33554,-1.78429,-6.10194,1.02903,-0.25481,2.15970,2.76260,2.54500,1
0.48966,3.14267,-3.26709,1.17339,-3.36029,2.91897,-1.73195,-5.01603,-0.73195,1.71969,-0.62044,1
1.35247,2.32646,-1.83886,0.61950,-1.74817,2.02868,-1.29414,-3.90713,0.70750,0.65277,0.57751,1
-3.24709,-0.56376,0.32921,-2.43659,0.76622,-4.10146,-0.28549,1.23066,0.01345,2.11655,3.75300,1
0.35315,-2.09194,0.48086,-3.08697,1.77298,-2.85751,1.85010,3.23283,-2.20968,2.93314,1.79495,0
-2.14153,-0.56165,2.28849,-3.23475,-0.84010,-6.59026,-0.00881,-1.02769,2.08911,3.50492,3.17267,1
-2.77053,1.41542,0.97802,-1.33334,1.69388,2.38298,-2.43036,2.26756,-3.17768,1.41321,1.70325,1
-1.47772,0.03230,0.32891,-1.11500,0.41367,-3.92692,1.35126,0.93891,1.03315,1.59276,3.23717,1
3.17678,-0.23396,-1.71655,-0.24409,0.41485,0.54013,-0.83926,-5.19676,3.09624,1.47238,1.52349,1
-3.76360,-0.12361,1.03689,-2.01472,1.20574,-2.15662,-1.23379,1.75845,-1.90458,2.68686,3.35508,1
-1.76126,-0.38153,1.05232,-1.71080,-0.53203,-3.39330,-0.73657,-0.95601,1.51120,1.30290,1.58857,1
-0.72271,2.00003,-0.38788,0.35687,-1.10496,0.96423,0.19318,0.01259,0.78015,-0.25836,-1.76965,1
-2.27824,0.45533,3.56427,0.92714,0.43256,-4.10378,1.91369,1.58197,-0.68027,3.34354,3.22481,1
-1.27908,5.04010,-0.62282,-0.48898,-2.04164,4.53520,-0.45646,2.84770,-2.03295,-1.24971,-3.56095,1
0.44731,1.11777,4.34747,0.99170,-4.46748,-7.66658,5.11622,0.75768,4.42043,-0.71529,-2.25443,1
1.00413,2.68591,0.15861,-0.41005,-1.31951,0.11894,0.71607,-1.26764,1.77842,1.22267,-0.46596,1
-1.52221,-0.25479,0.84097,-2.64983,-1.69252,-3.64908,-1.56183,-2.36218,1.28504,2.13281,1.30930,1
0.42637,2.84521,-2.47329,1.90581,-2.43763,3.17238,-1.62333,-6.38950,1.08444,3.18812,-2.01551,1
0.57624,3.05968,-2.48855,3.38182,-1.18342,5.67539,-0.83557,-5.22167,0.52782,3.35494,-4.31303,1
0.18462,0.50523,-0.74483,2.49338,-0.61460,4.21314,-3.53214,-4.39411,1.43429,-2.34210,-1.89954,1
1.10233,-1.12885,0.81350,-0.67043,-1.13028,-1.75756,-2.27916,-5.03938,2.82413,0.33360,1.13888,1
1.26144,0.82757,-2.65446,1.20814,-1.21332,2.15104,-3.08442,-6.55138,2.64414,-0.71779,1.11859,1
0.45162,2.24219,1.38011,0.61347,-1.23871,-0.93301,1.75833,0.59909,1.55387,-0.23512,-0.42234,1
0.23128,3.23686,-4.55860,3.90323,-2.28648,6.36021,-2.95559,-7.31476,0.52640,0.99856,-2.33011,1
-1.50595,3.76613,0.60409,3.26340,-1.47200,3.49385,0.84249,1.37176,-2.01455,0.18606,-2.91487,1
-0.87369,0.80203,4.07488,0.37755,0.46475,-2.14699,1.14479,1.35293,-0.06600,2.22052,1.29183,1
1.81689,0.40250,-0.16201,-0.67530,-0.51406,1.42691,-0.68225,-1.22191,0.61910,-0.49851,-1.21209,1
-2.21468,-0.71059,2.23493,1.58824,-0.98024,-4.78225,2.34500,2.92549,0.45669,-2.25732,1.49122,1
-1.44041,0.16164,-0.43476,-0.76767,-1.57301,-3.92032,2.01800,2.03984,1.15657,-1.44513,0.47406,1
0.43571,5.18029,-3.45545,4.16325,-1.89640,3.91979,0.07722,-6.02026,0.60665,4.22918,0.79486,1
-2.19964,-1.82959,1.49800,-2.55895,0.15384,-7.20340,1.83182,3.66157,0.05753,-0.32689,4.73479,1
-3.41077,-0.09852,-3.95309,-1.77055,-0.25809,-2.22605,-0.14160,1.55878,-0.66831,-0.50140,2.72274,1
-0.60007,1.36280,-1.76173,-1.32953,0.37500,-1.00638,1.28593,1.32599,0.50112,0.91771,1.80737,1
-1.04800,4.11687,-1.17581,2.36116,-1.96915,4.64682,-0.13696,-0.12282,-1.32192,0.07385,-3.79198,1
-1.03167,3.35179,-0.49064,0.64256,-1.95827,-1.39938,2.03205,-0.98696,6.13197,-1.02518,-3.09248,0
-1.48632,1.11512,0.47964,-2.79518,-0.27363,-1.95344,-0.70739,-0.33073,0.28568,3.04236,1.73669,1
-0.08183,-0.61714,0.80708,-1.49839,-0.57547,-2.51102,0.28412,0.69249,-1.67091,1.38771,2.24967,0
-2.55910,2.12315,-1.75317,0.52489,-0.75340,0.21046,1.31622,3.36231,-1.76622,-0.98424,0.27859,1
-2.49319,1.05439,0.50313,-0.03467,-1.14174,-3.46289,1.45076,0.30546,1.27879,1.79317,0.63808,1
0.57842,0.50293,-1.46017,1.15382,-2.18185,2.18052,-3.89662,-6.89156,1.80784,-0.31502,-0.64291,1
2.38070,1.47557,-2.97595,0.25119,-0.96007,3.23704,-0.52667,-2.48763,-0.45208,0.35283,-0.67392,1
1.21637,3.45372,-3.87855,3.31077,-0.47418,5.56428,-1.43382,-5.48822,1.93622,0.66538,-0.60949,1
-2.59838,0.51849,-3.15721,-3.29534,-1.24536,-2.02196,-0.19106,2.82054,-0.47411,-2.08257,1.07068,1
1.47653,2.74521,-1.03890,0.97941,-0.87270,3.95516,-0.42926,-1.91319,0.17002,0.78718,-2.28601,1
1.96703,2.72562,-3.22070,2.03979,-0.32551,5.28757,-0.82511,-2.63353,0.07605,-0.60481,-0.66431,1
0.39294,1.54196,-0.42180,0.99823,-1.47016,-0.80222,0.23552,-3.23701,0.81872,2.48528,1.42854,1
-0.88619,1.34408,-0.90510,-3.64089,-1.28878,-1.82029,-1.43477,-2.25407,1.34819,3.02428,1.17102,1
-0.81528,1.69799,-3.68788,4.36750,-1.79781,6.28884,-3.65571,-6.15505,0.47556,-1.28449,-3.36444,1
-0.15910,1.63336,-1.89168,2.32840,-1.81909,3.47726,-2.08627,-3.89002,0.32331,-0.61867,-1.99279,1
-1.19541,1.61202,0.75346,-2.28068,-1.05329,-1.99939,0.61364,1.43396,0.17269,1.39383,0.28573,1
1.97246,5.88897,-1.09813,0.46972,-2.37103,4.69114,2.57449,3.37794,-0.18575,-2.48300,-4.76034,1
-1.51588,-0.39386,2.50989,-0.49689,-1.01993,-6.58707,1.32099,-2.75326,3.54775,4.12146,2.30841,1
1.56799,-0.12604,-1.98662,0.39929,-2.04565,0.71581,-1.23183,-4.13424,-0.94037,1.28885,0.25568,1
0.30711,1.09894,-0.56139,2.71439,0.60833,3.42913,-0.97827,-3.05652,2.45964,-0.23224,-2.24764,1
2.38373,-1.04834,1.09415,-0.96275,-0.02294,-1.47464,1.10214,-0.96129,0.11073,2.23942,0.09780,1
-1.15370,0.03219,1.56679,0.19354,-0.30365,-3.86154,2.48221,2.27755,0.52873,0.27278,1.44821,1
2.43150,-0.52904,0.04695,-0.12643,0.47963,-0.45582,-0.82578,-3.89761,2.90019,0.57064,1.86982,1
0.02314,2.62331,1.70521,-1.66207,-0.20672,1.99799,-0.60084,2.93124,-1.70065,-0.76418,-0.22301,1
-1.03442,2.20152,1.13765,-2.45928,-0.75978,0.74217,-2.39757,-1.55871,-0.25947,2.96029,0.29094,1
1.19559,0.97221,-0.95397,-0.35154,1.68568,4.88659,-2.37092,-1.80460,-2.28974,2.75111,0.40874,0
0.22889,-0.61522,1.84266,-0.21130,-1.72607,-2.33924,0.56750,-1.00094,-0.85930,2.24701,-0.62745,1
3.17514,-3.23762,-0.93650,-1.05134,0.56850,-1.05516,-1.61003,-5.20762,2.90620,0.40656,0.91028,1
-1.89510,-0.75237,3.08963,1.51513,-0.40835,-6.69075,3.50796,1.17900,2.02975,1.52416,2.24968,1
0.99931,2.34049,-0.10942,2.01126,0.43944,2.20895,0.75814,-1.83293,1.90583,1.40575,-0.70709,1
2.17821,3.52674,4.44048,1.33117,-2.71230,-1.92496,3.24810,-1.12667,3.71785,1.76517,-2.86548,1
1.36974,-0.31815,-0.49715,0.11222,-0.99072,0.34849,-4.05437,-7.58107,4.35259,-0.69821,1.50579,1
-1.38246,-0.33668,2.31342,1.91755,-1.42293,-4.46999,1.43154,-2.12514,3.16942,1.20434,0.13000,1
-0.20230,1.64501,-2.91237,1.91626,-2.79190,3.67877,-3.42513,-6.58385,1.07784,0.15695,-2.49362,1
4.04546,-0.35849,-2.69257,-1.46233,1.68837,1.14888,1.88682,-2.51021,3.07627,3.21091,-1.68229,0
0.90314,5.29970,-1.35905,1.98334,-0.98753,3.78273,1.61367,-2.61491,1.26884,4.54942,-2.51441,1
0.75642,1.75540,4.16197,0.33580,-0.07051,-3.32505,2.63889,0.87754,1.86152,2.05153,2.04384,1
-2.44426,0.08545,-1.83971,-2.42721,0.00536,-1.90582,-0.46798,1.56665,-0.30834,-0.07038,2.04863,1
-2.71790,1.22220,0.95368,1.39966,-1.78693,-1.27683,0.63930,0.52966,0.21533,0.10086,-1.69329,1
-0.34932,0.65128,-0.79587,-1.48497,0.63066,-3.60456,1.94851,-0.33128,2.06471,3.15880,3.31804,1
-1.03639,2.57476,-1.76325,0.02004,-1.86845,1.46027,0.22644,1.55134,-0.85609,-1.81622,-1.28408,1
-1.45170,0.92456,2.40303,-1.98208,0.23975,0.76996,-3.44631,-1.36738,-1.27344,2.57318,1.54183,1
1.95511,0.55265,-1.22110,1.51734,0.73610,3.80436,-1.12887,-4.40001,2.68835,1.15031,-2.80880,1
1.86793,1.09911,-2.40436,1.13381,0.35133,4.02803,1.73549,0.23224,-1.12948,1.60910,-3.98331,1
-0.00554,2.10236,-3.03103,-0.02529,-1.62677,-0.09864,1.59099,1.21718,0.31325,-1.87850,0.35747,1
-1.88086,1.91188,-0.55406,-1.55544,-1.27130,0.34051,-1.75626,-1.14745,-0.33096,1.76587,0.06830,1
0.29566,1.78978,0.84217,1.55831,-2.64320,-0.56101,0.97837,-0.45234,1.07423,-1.67878,-1.47868,1
-2.63474,-2.10254,1.52248,-1.09606,-1.06570,-8.18811,0.65769,-1.97140,2.17204,2.82408,4.35949,1
1.23659,1.09505,-2.76725,1.33839,-1.85884,2.87048,-0.57989,-3.09662,-1.55571,1.36650,-1.64626,1
0.16582,2.39993,0.67966,1.21586,-1.68763,0.74451,-0.69630,-2.39928,0.49573,0.78532,0.48115,1
0.91474,3.94656,-2.81065,-0.00476,-3.26061,1.42826,-3.43668,-9.54528,4.23800,2.85085,1.41954,1
0.51841,2.46372,-0.76646,-0.62704,-1.56859,-0.13214,0.83673,-0.55967,0.58964,1.09492,0.04119,1
0.03450,0.98796,-0.78617,1.64334,-1.47986,1.50331,-1.77263,-5.70669,2.02008,2.20008,-1.75992,1
-1.33558,0.30219,1.95009,-1.90065,0.43074,-2.09689,-1.22658,-0.58922,-0.42453,3.07878,3.16905,1
1.34471,2.23565,-3.84894,0.80156,-1.87861,4.72911,-2.23492,-5.05215,0.64346,0.60141,-2.53779,1
3.31447,-0.36285,-0.10297,0.17912,2.00171,1.40529,-0.71418,-4.08171,4.41643,0.46996,0.58046,1
-1.96851,-0.86603,0.99365,-3.03032,-0.35597,-4.02589,-1.04632,0.46898,0.44809,0.56837,2.78012,1
-0.03832,1.99463,0.55854,0.52599,-0.63243,-3.75085,5.05473,3.81848,0.98627,0.26744,1.42716,1
-0.31833,-0.38956,-0.50070,-0.93753,-2.70486,-6.35385,1.95662,-3.25831,5.27248,1.22453,-0.00378,1
-2.13344,2.94389,-1.17770,4.30352,-2.94022,4.34035,-2.43094,-4.92418,-0.56744,1.16729,-3.61258,1
1.76727,-1.61987,-0.31967,-0.47506,-0.36503,-1.87577,-0.93346,-5.19804,2.97122,1.96982,0.88390,1
-0.05334,-1.48291,2.70944,0.00912,-0.31162,-1.32119,0.71714,0.72701,0.05301,0.59142,-2.96544,1
2.48465,-2.91330,0.01932,-1.71960,-1.28193,-2.98607,-2.87399,-5.64535,1.97903,-0.62440,3.46066,1
-1.30285,-1.14137,1.36481,-2.34573,0.96358,-2.81850,-1.35613,0.24859,0.58247,0.46288,3.30869,1
0.08245,0.83438,-1.06838,1.25749,-1.93098,1.59277,-0.88955,-3.22337,-0.39274,1.54200,-2.21826,1
1.29149,-0.52561,-1.42797,1.49403,0.19974,3.80091,-0.77657,-0.84105,-0.72860,-1.49238,-3.08475,1
-0.76713,2.05109,0.75064,1.30451,-2.42391,-1.49988,1.37788,-2.09448,-0.30974,4.20863,-0.64448,1
-4.14846,-1.76976,3.88515,0.51108,1.46468,-5.70789,0.97241,3.33297,-0.83880,0.75798,4.59799,1
-2.69571,0.04740,0.28942,-0.73407,-0.61344,-3.25182,1.04684,2.09538,0.28488,-0.08794,0.74296,1
0.20910,4.91328,-0.77626,-0.27453,-1.61934,3.62992,1.06877,2.27047,-1.38291,0.23858,-2.63562,1
-0.64103,4.23477,-4.84872,4.46276,-2.91987,7.05469,-2.92404,-5.84075,-1.05724,-0.08668,-2.06231,1
2.57889,3.92923,0.50968,-3.80152,0.20335,1.49571,0.02125,-0.67643,0.18654,4.67709,1.49703,1
-0.21212,2.30168,0.16588,0.00327,-0.02913,0.32350,0.97596,0.54258,0.52819,1.32430,0.37451,1
-0.10979,-0.40847,0.93674,-5.16633,0.40168,-3.65436,-0.53683,1.96042,-0.83564,1.42522,4.29594,0
0.27368,0.42553,-0.18373,1.66251,0.08854,2.35027,0.72705,-1.12827,0.59884,1.75311,-4.38002,1
-1.58561,1.79772,2.93030,-0.69569,-1.31963,0.33484,-1.87089,-0.50612,-0.77842,1.48070,-0.78212,1
0.65578,3.22313,0.24472,2.09115,-1.52770,-0.17164,4.11667,3.19608,0.73909,-1.76031,-1.52267,1
2.49824,-1.20068,1.39732,-2.55705,-1.45506,-3.32053,-2.67241,-5.52116,3.36411,0.14038,3.50160,1
-2.37941,0.15595,2.08159,0.32455,-0.67835,-3.47522,0.77236,0.64160,0.70094,0.94802,1.10368,1
-1.32915,2.31779,-0.91377,1.89670,-2.99313,3.91335,-2.45422,-3.53014,-0.41380,0.33054,-4.83266,1
3.08618,2.17513,-4.29806,0.19530,-0.90738,4.05420,-1.32997,-3.06832,-0.20544,-1.25712,1.55334,1
-0.93466,1.14889,1.70686,-3.42757,-1.63194,-6.89960,3.70795,3.49160,2.57987,0.67236,1.19951,1
0.53912,0.58079,-0.20399,1.85735,-0.76136,1.24404,-2.68530,-7.08212,3.94051,1.13611,-0.35829,1
0.56926,0.77957,0.68926,1.12387,-0.75365,1.17981,-0.35852,-1.87074,0.36945,0.91468,-1.48379,1
1.68583,-0.37481,-0.55147,-0.10486,-0.37441,0.51020,-1.29300,-4.19457,2.46861,0.74308,-0.60527,1
1.05901,0.22365,-1.33509,-0.88177,-2.90351,-0.81842,-1.23067,-3.98994,-0.31994,1.61195,0.17589,1
0.79884,2.16021,-0.99827,-0.20439,-3.23590,-1.34807,-0.91350,-5.72651,0.92633,3.74210,1.81657,1
2.33546,0.24266,-2.70319,0.20466,-0.53873,-0.20366,-0.30883,-5.43763,2.12515,2.55281,2.11092,1
-1.15069,2.75136,0.54849,1.03311,-3.29378,-1.91803,2.47950,0.71676,1.08016,0.12716,-2.45190,1
1.88821,4.51277,0.78432,-1.13797,-2.72063,-0.48159,2.62253,0.23254,1.94125,1.51054,-1.79773,1
1.82513,0.65025,-0.55652,-0.26598,-0.77948,2.04285,-2.46792,-5.04788,2.65144,0.41423,-1.17001,1
-0.12695,2.61192,-1.09995,0.72146,-1.58030,-0.46579,2.20849,1.07737,0.58560,-0.33453,-0.22149,1
-1.58677,-0.13573,1.84064,0.46557,-0.41110,-5.11945,2.10850,0.49811,1.05477,1.81884,3.02877,1
-0.73366,-0.57140,1.49947,-3.27472,-1.15714,-6.50023,1.70940,1.77527,2.29568,-0.22769,2.31231,1
1.50150,3.09545,-4.26477,1.44368,-2.79668,5.38598,-1.82244,-3.92612,-2.29986,0.58878,-1.46355,1
1.88797,1.38434,-2.55477,1.24228,-0.95653,2.22192,-0.20779,-4.24125,0.55013,2.30637,-0.40671,1
-0.74054,0.12060,0.61298,-2.04606,-1.93248,-6.09535,1.28217,-1.23548,2.18276,2.12300,2.91499,1
-3.56983,-2.04658,-1.08060,-2.36459,-1.10979,-5.31023,-1.65368,-0.86884,0.66665,-0.16370,3.46917,1
0.42528,1.66241,-1.12568,-4.12639,-1.52912,-1.81950,-0.10244,0.93461,0.33235,-0.07584,1.78031,1
-5.45567,-2.09634,2.42609,-0.35675,0.14915,-7.92048,1.65691,2.83083,-0.44149,2.05909,3.90538,1
-0.38162,0.24653,1.70905,-0.29679,-1.60591,-6.89668,4.01501,0.89421,3.62834,0.63986,1.35451,1
1.03397,0.47258,0.91324,-0.60846,-0.84496,0.41478,-2.07077,-4.37408,3.13168,0.81608,-1.13831,1
3.60535,-1.52867,-2.04229,-1.01839,0.50579,1.29731,-1.93184,-4.28442,2.52592,-1.29970,0.82563,1
-1.77410,0.37642,0.65754,-0.47254,-2.72436,-5.47898,2.44323,0.97592,2.65928,-0.91844,-0.57562,1
1.51007,-1.29657,1.69345,-1.75810,-0.69241,-2.02901,0.41295,-2.01333,1.47732,2.91095,-2.21452,1
-2.53996,0.30857,1.61234,2.45511,0.00403,-1.84984,1.25128,1.56213,0.45631,-0.82987,0.64725,1
1.26420,1.53418,-0.49699,0.66794,0.07676,3.73402,-1.56583,-2.27553,2.07251,-1.13964,-2.32327,1
-1.02996,1.02608,1.36868,0.70656,-0.94149,-3.34313,2.71563,1.72888,1.41810,0.04107,0.46321,1
0.55244,2.73263,-3.00906,1.47618,-3.44360,1.45637,-3.61431,-8.12084,1.41975,0.63788,3.02968,1
-1.36654,1.02506,0.32438,4.48874,0.20828,3.36150,-0.63561,-2.88366,1.66971,0.59054,-3.75448,1
-2.57637,-1.11425,1.64896,-1.01730,-0.86313,-5.94391,1.66458,3.13097,0.77690,-1.70386,2.20987,1
-2.02067,3.08066,-2.37606,0.36145,1.05479,5.22292,-2.06887,1.13277,-3.26899,0.64546,1.02669,1
-0.64110,1.66754,-0.27564,-0.66635,-2.78037,-3.98489,2.27546,-1.12580,3.72898,0.92871,-1.26207,1
-0.05239,0.29100,3.09930,-1.33513,-0.91515,-5.80336,2.10531,-0.07005,2.31674,2.40880,2.52628,1
-3.13254,-2.52018,-2.18474,2.69231,4.28857,0.28762,1.94278,2.64339,-0.28539,0.93258,0.02632,0
-1.91842,1.34527,1.21473,0.78849,0.52567,0.09972,0.03741,1.65693,-1.64521,0.94139,1.80390,1
0.81811,1.94971,3.70551,-0.19495,-0.00533,-2.05467,1.92781,1.68363,0.62241,1.25323,1.99507,1
0.50945,-0.13663,4.21507,1.83095,-1.42012,-7.89482,5.98468,1.97497,3.72264,0.23959,1.09569,1
0.65460,3.78143,1.63687,1.34484,-1.30918,1.34886,2.18606,1.37293,0.23670,0.70170,-2.07683,1
-4.03257,2.35186,-1.48865,-2.08493,-0.64207,4.17350,-4.69443,-0.03287,-3.73844,1.45846,-0.83108,1
-1.43926,-0.10861,1.12144,-1.71457,0.79692,-4.50302,1.16712,-0.22141,1.41059,4.04237,3.41342,1
-1.41394,1.10601,0.56197,-1.39989,-1.89111,-3.73699,1.16898,0.12801,1.63983,1.12520,0.31982,1
-1.64371,-0.27323,2.77391,-0.64452,1.32586,-4.22500,0.88161,0.03275,0.92905,3.86746,3.88483,1
3.37162,-0.54600,-3.15407,-1.09832,-0.52558,4.26301,-1.60157,-2.71122,-0.28816,-0.60715,-3.44213,1
0.41137,4.09216,-2.38102,2.52828,-1.85154,3.98642,0.33571,-3.28111,-0.54869,3.30728,-2.05145,1
1.83998,-0.03014,-0.66299,-0.15291,-0.84323,0.72872,0.61811,-1.56746,-0.50248,2.03304,-1.83343,1
0.30652,1.77877,1.33995,0.72703,-1.58036,-1.97941,3.01958,0.87708,-1.95798,3.90048,0.50296,1
1.31339,0.97155,-2.04847,1.09354,-2.10228,-0.89980,-0.99320,-7.10089,1.53577,3.68434,2.62767,1
3.85582,4.70736,0.94428,-1.72767,-3.55720,-1.21515,3.87798,0.73173,3.09824,0.01072,-2.48730,1
0.40388,-0.77786,0.68207,3.19028,2.14347,2.50975,-1.24863,-3.14652,4.04602,-1.49145,-1.63979,1
2.35963,3.53853,-2.66441,2.95387,1.59947,5.27128,1.71608,-1.97248,1.82634,2.08909,-1.25677,1
-0.74400,1.84054,1.88748,0.56010,-1.80449,-2.01672,2.67694,3.65418,0.55836,-2.37527,-1.32114,1
0.67020,2.10722,3.38089,-2.32273,-1.08454,-4.68423,2.35330,0.00836,2.49366,3.87384,1.71653,1
-2.58028,0.99141,0.37511,0.67666,-1.19669,-2.08728,1.67538,3.77870,-0.60901,-2.46752,0.20665,1
1.95585,-1.07782,1.07288,1.12736,1.31463,-0.93773,0.55475,-4.11353,3.34941,3.14948,0.28602,1
0.18221,3.66015,0.64244,0.38523,-3.21430,-0.63265,2.41823,0.55088,1.81982,-0.06211,-3.29667,1
-0.94588,1.27022,-1.99894,-0.97695,-0.17562,-0.42057,0.53835,0.81098,0.27787,0.20170,1.06528,1
-0.03841,2.21425,0.01060,-1.72451,1.91130,-0.00623,1.25398,1.86423,0.11784,2.87830,2.68997,1
0.91464,-0.11974,-0.75501,0.12647,-1.24893,2.95293,-3.40114,-3.70141,1.12303,-2.18252,-2.29914,1
-0.81301,2.08251,0.44746,3.64923,-1.08828,1.58364,0.56285,-1.55966,-0.83769,1.68253,-0.75643,1
1.16373,1.20471,-1.09196,1.80820,-0.88406,2.28866,-1.54361,-4.25153,0.85295,0.44779,0.26537,1
1.01744,2.97773,1.82302,2.29969,-2.44836,-2.70350,4.46520,0.03052,3.22518,0.79820,-1.69811,1
0.87538,3.85665,0.50304,0.57602,-2.84155,-0.40814,3.00752,1.68824,1.61985,-1.30885,-2.41915,1
1.03127,3.25167,-0.75996,1.94888,0.51718,3.19129,2.57788,0.55669,0.02919,2.66440,-2.27742,1
2.21313,2.14245,0.87161,-0.86465,-1.70437,-2.49493,2.18067,-1.69846,3.60769,1.45655,0.15331,1
2.67706,1.22089,-0.60784,3.17342,2.24305,7.38187,-3.70412,-6.47297,0.13823,2.51545,0.39342,0
-0.37885,0.20154,1.68246,0.68903,-0.85541,-7.24992,4.90964,0.33368,3.43551,2.74881,2.36005,1
2.41478,0.16534,0.57753,-0.29867,0.80847,1.21961,-0.93454,-2.33488,2.71439,-0.58750,0.12247,1
4.02197,-3.99518,0.15271,-2.62903,1.82724,-0.90769,-2.28523,-5.26918,5.32230,-0.40427,-0.25369,1
-1.17352,3.39516,-2.24173,5.69068,-0.64697,4.16525,-0.58836,-5.77785,1.99939,2.56727,-1.32748,1
2.32225,1.45293,-2.27933,0.64486,-0.13825,2.28010,-0.77163,-4.94611,2.67035,1.69223,-0.00305,1
-1.10245,4.42979,-2.54386,3.80012,-2.38544,6.07916,-2.46856,-4.58107,0.29250,-0.02114,-2.95155,1
-0.14819,2.17296,1.71388,-2.58011,-0.82382,-2.83890,0.93666,-0.22787,1.28359,3.73461,1.58375,1
1.71522,6.37532,-1.27507,0.71397,-3.01591,3.93623,2.43867,0.14871,1.82776,0.32528,-5.47721,1
-0.30822,3.69166,-0.56811,3.06101,-1.48501,3.35058,-0.82946,-4.91086,1.65239,3.08404,-2.13584,1
2.39981,-1.99013,-1.11854,-1.31583,0.18933,0.69565,-4.06925,-7.96858,6.07674,-0.55002,-0.91105,1
-1.73995,0.57131,1.20879,-0.01621,-1.85318,-2.91906,1.24263,1.48829,0.63966,-0.85048,-0.70844,1
-0.17350,2.34578,-1.18677,2.90638,-0.90348,1.74013,1.11365,-3.97075,1.07892,4.84376,-2.33099,1
0.67936,4.61934,-3.82993,1.66885,-3.43176,4.72326,-1.82602,-4.62130,-1.02568,1.03127,-0.78764,1
1.36276,2.19822,4.38395,-1.43462,-1.71438,-3.52888,1.00022,-2.56129,3.57939,3.76253,0.29960,1
2.30776,0.66780,-5.32374,2.55326,-1.16555,3.84834,-2.78190,-7.52779,0.89137,-0.28725,1.89513,1
-1.13453,-1.35905,-2.26870,-2.42910,-0.16051,-5.16450,0.77704,-0.54155,2.00995,0.69011,3.90247,1
0.95049,-0.71554,1.62939,-0.66119,-0.83783,-2.65133,0.37577,-2.31158,1.05681,2.70713,0.45253,1
-1.72549,1.16193,1.29555,-1.16195,1.91260,-0.27155,-0.05402,2.65303,-1.76732,2.03510,3.27974,1
0.46437,5.29839,-4.54743,3.31351,-2.38029,6.93681,-1.99969,-5.10061,0.02052,0.42308,-1.60939,1
3.08702,1.17325,1.11660,-0.16158,2.04225,1.50384,1.92915,-0.28625,2.64965,2.11903,-1.23465,1
-1.06665,1.84305,-1.88866,2.58636,-2.29358,4.11123,-3.24835,-5.17366,1.00942,-0.64004,-3.25042,1
2.53305,3.41019,-3.05716,1.18682,0.17456,4.18520,0.09283,-4.27862,2.66947,2.34112,-0.75998,1
-1.46129,2.50286,0.39350,4.56547,0.25659,5.45554,-0.82522,-2.28136,1.48172,0.59975,-5.36072,1
1.64778,1.39784,-1.15465,-0.80612,-3.34804,-0.79804,-1.02293,-3.42214,-1.24842,1.15200,2.23977,1
0.10553,-1.15098,0.49274,0.04512,-1.33624,-0.64860,-0.24305,-1.96470,0.08705,1.53678,-2.81297,1
3.17307,1.47451,-0.51210,-0.42009,1.03204,1.35417,1.89302,0.74539,0.50409,0.60607,0.84148,1
-1.59960,0.59237,-1.08278,-1.51910,-0.35049,-0.43434,-0.94738,1.06531,-0.90459,-0.56793,1.50866,1
0.46197,2.55521,-2.40961,1.95133,-1.89813,4.24838,-0.09884,-2.16364,-1.62399,1.83075,-3.56117,1
0.68230,2.48446,-3.73285,2.04067,-2.13468,6.18748,-1.43067,-2.79847,-1.80190,0.10498,-4.50007,1
0.36259,1.98769,-3.25963,-0.31962,-4.72650,1.94565,-4.31092,-8.61842,0.92598,1.81146,-1.36455,1
0.72979,1.69123,-2.22305,1.93456,-0.98224,3.01834,0.10010,-3.48792,0.56624,2.49465,-2.91464,1
-1.66266,-0.44853,0.46413,-0.40049,-1.01613,-3.43797,-0.01958,-0.53883,1.82975,-0.62884,1.27307,1
2.90490,1.14485,-0.12032,-0.00061,0.00189,-1.37279,3.48664,-1.09635,-0.45098,5.70369,1.40762,1
-0.34789,1.73363,-1.62010,3.30568,-1.29960,5.21462,-2.64388,-4.39157,0.58385,-0.65800,-3.57024,1
-1.02830,0.76810,0.22024,-2.54882,-0.92266,-1.21190,-0.96329,0.79077,0.26753,-0.48302,0.52029,1
-0.10195,0.87611,-1.86433,2.17781,-1.55363,1.89778,-1.96263,-5.29427,1.49496,0.56622,-0.91304,1
2.28292,2.35845,-2.94984,0.85603,0.64478,6.33913,-0.25368,-0.10474,0.21850,-1.73405,-3.24072,1
-0.96044,2.38477,-0.10258,-1.37098,-1.37783,-1.38395,1.50591,1.63829,0.31647,1.04666,-0.29024,1
3.08876,-1.81683,-1.19590,-0.82581,1.19628,2.08475,-2.78382,-3.93654,3.39864,-2.72104,-0.10289,1
0.45506,-0.03369,0.46910,1.82164,0.17027,1.61097,0.78496,-0.85159,0.17772,1.41052,-3.21445,1
-0.33464,2.58306,-0.45831,2.78059,-0.13584,4.30569,-1.30231,-3.91516,2.88527,0.99850,-3.73232,1
-1.12274,3.55752,-2.50400,3.60473,-2.68693,5.44068,-3.17760,-6.76370,1.21469,1.23690,-3.60769,1
-1.72890,-2.76756,3.37172,0.72570,-0.09771,-8.47603,1.33270,-2.11554,3.57835,1.73457,4.68467,1
-2.17781,0.46513,0.66310,-1.38321,-0.11106,-3.73022,1.06206,1.38060,0.01906,2.09536,2.71344,1
1.88422,1.55409,-1.85133,0.40029,-0.87579,1.68877,-1.23296,-4.70180,1.98620,1.13601,0.65706,1
-0.56725,0.36074,1.93388,-1.66478,-0.34008,-4.70537,1.99834,1.70152,1.55318,0.89143,2.38080,1
3.32392,-1.74015,-2.26861,-1.38257,0.32039,1.76284,-2.26702,-5.43916,3.06446,0.19736,-1.40058,1
-0.69080,2.01193,-0.91067,-2.25394,1.51411,3.23854,-2.87230,-1.08093,-1.60300,3.32979,1.99233,1
0.06754,1.03862,0.49172,1.98131,-0.55395,2.48866,-2.11024,-4.13428,2.33718,-0.02702,-1.97241,1
-2.59969,0.56881,1.13819,-0.98376,-2.05004,-4.86013,2.47334,4.57682,0.04916,-2.44243,0.47282,1
-0.23170,1.31050,2.57696,1.67852,-0.48909,-1.38388,1.25901,0.25243,0.95252,0.24434,0.82410,1
1.40651,0.00960,-2.56631,-0.46386,-2.85466,0.41123,-4.32812,-8.32959,2.10624,0.14814,1.71484,1
-2.01575,0.17553,3.31183,-0.15933,-0.42741,-1.04790,-2.53349,-3.05823,-0.13884,3.88880,0.74580,1
0.45150,0.62374,1.21074,0.15342,-0.41841,-2.24456,3.57205,-0.44028,0.28058,6.31357,-2.13258,1
-3.03409,-1.66308,-0.19017,-0.07422,-0.16803,-5.52296,0.82824,-0.13440,1.91186,0.31690,2.90009,1
-2.29384,0.38635,2.12395,0.02573,-3.51142,-6.04774,2.58564,2.82506,0.90061,-2.40597,-0.18439,1
1.00313,0.58414,-0.83115,-1.38147,-2.86043,-0.91212,-1.37432,-3.89159,0.32807,1.58226,-0.02558,1
0.99683,1.58785,0.25529,1.94848,0.47053,2.18906,0.49356,-2.20673,1.77458,1.81907,-1.62660,1
1.65757,-1.24135,0.36151,-0.78447,-1.07745,-1.91045,-1.62609,-4.40998,1.72850,0.70584,1.91392,1
1.14034,3.12219,1.02116,-2.44789,-3.17452,-1.81038,1.46975,0.15257,2.31808,0.30588,-2.08254,1
0.14750,2.00284,-0.01042,1.63091,-0.84763,1.81344,-0.68799,-3.56975,2.05092,1.67223,-1.69253,1
2.02445,-1.60282,-1.88798,0.66141,0.62533,3.10813,-2.05808,-4.11300,2.35075,-1.10510,-2.89836,1
1.51138,3.09681,0.57254,0.42170,-0.03085,0.61567,1.66220,-0.88232,1.96345,2.24276,0.32293,1
-0.44148,1.70719,-0.73500,0.31853,0.07664,0.89818,-0.21370,-0.16869,0.42796,-0.07464,1.13969,1
3.31806,-2.08389,-2.26687,-2.50346,-2.66686,-2.41918,-3.25131,-7.92932,1.55232,1.14010,3.42492,1
1.43720,1.66611,1.61736,-1.61201,-2.24379,-3.19104,1.28184,-1.36485,3.33032,0.63643,-0.02944,1
-0.51714,2.72706,0.89160,-0.21623,-0.47724,1.34169,0.28595,1.05262,-0.37088,1.03248,-0.88306,1
0.37107,0.21136,-0.47826,1.55205,-0.67380,0.66549,-1.04278,-4.48690,1.90717,1.61060,-0.70715,1
-1.41428,1.76760,0.44208,-0.36702,-0.46342,0.67008,-1.07277,-0.93035,0.70004,1.29349,-0.54126,1
-3.19109,-2.15224,3.33081,-0.13515,-0.26750,-7.50842,0.87574,-0.33042,1.77555,2.08282,3.42465,1
2.11447,1.53900,-0.62666,2.07418,1.63143,3.16929,2.20140,-0.19476,0.77465,1.97764,-1.89535,1
3.75309,-0.78036,-2.01571,-0.44466,0.48276,0.54673,-0.57298,-5.85935,3.14834,2.53945,0.70459,1
-0.07503,1.78687,2.83020,-2.06239,-0.92232,-3.55280,2.29885,3.16839,1.15702,0.07429,0.92870,1
-0.82555,1.73736,0.39307,-0.57372,-1.21257,-0.18291,-0.68338,-1.56126,1.52710,1.14215,-0.82805,1
1.21546,-3.09455,3.96989,-1.62680,1.51305,-3.19967,0.08490,-0.65428,3.71978,0.22271,-1.25274,1
-3.92115,-1.29606,-1.70414,-1.70625,1.09222,-3.21582,-0.97558,-0.06372,0.33962,1.91659,3.25945,1
-0.71865,2.78403,0.21360,2.82964,-1.19680,1.90938,0.21353,-2.32865,0.66565,1.96696,-1.63637,1
-0.97738,0.70127,1.45294,0.32567,-3.37735,-5.63444,2.82393,0.15563,3.13820,-0.88568,-0.92651,1
0.55836,-0.45512,0.57971,0.42170,-0.68285,-0.39587,-1.16128,-3.27096,1.76402,0.50742,-0.31818,1
0.38711,0.87516,0.48357,-2.41678,-0.43108,-1.96687,0.43500,1.82388,-0.30640,-0.43801,2.69781,1
-1.43050,1.67601,2.81432,-1.17481,-0.22195,-0.87660,0.05078,1.93632,-0.87744,1.59192,0.40328,1
3.28086,-1.10398,-2.19557,-2.11299,-2.69695,-2.33351,-3.68438,-11.12444,3.80534,3.77916,3.18997,1
-0.27106,1.73632,1.21949,-0.82299,-0.64488,-1.45591,1.47075,1.59730,0.60995,0.64502,0.21703,1
-1.77430,0.79851,-2.40835,-2.39932,-0.39275,-1.57123,0.06255,1.59958,0.39689,-0.73742,1.59105,1
0.96164,2.93186,-0.31475,-2.38903,-1.54732,-2.45846,2.54359,0.30370,2.10926,2.50389,0.41471,1
-1.10323,1.09783,2.22956,0.58959,-0.11055,-0.80876,-0.25998,-0.55507,0.29318,1.67332,1.00342,1
-0.10782,1.57361,1.15238,-1.54795,-1.76246,-2.61807,1.22314,1.20964,0.90180,-0.13176,0.49357,1
1.48233,1.21267,-2.89955,0.81493,-0.89904,5.71351,-2.15905,-2.65654,0.01677,-1.53778,-4.11826,1
2.54333,-1.37615,-0.44257,-0.55061,0.22805,1.07876,-2.68743,-5.14798,3.23983,-0.70297,-0.15328,1
-2.74872,-0.99205,-0.27113,1.98526,1.19735,-3.65028,4.84550,5.55174,-2.23227,0.94294,1.36973,0
-0.32860,0.65370,1.76894,-3.74191,-0.09988,-4.59881,1.14634,0.73880,2.11330,2.76579,2.24294,1
2.35975,-0.48209,-0.70126,3.23702,1.18968,4.96051,-2.25144,-6.33711,-0.09851,3.32512,-1.28678,0
-4.15235,-1.29513,4.02318,-1.37528,-0.57584,-5.20442,-1.93587,-1.44419,-0.37361,4.12885,2.71780,1
-0.30680,-0.06133,1.97960,0.84412,-1.54333,0.42549,-1.21117,-0.74589,-0.87401,-0.76929,-1.71344,1
-1.14692,2.31098,-1.80376,3.87628,-2.04737,4.64930,-2.89972,-4.72052,0.23121,-0.93785,-2.26103,1
0.01971,1.04270,1.14598,-0.41440,0.39294,-1.80303,0.74926,-1.00851,0.92433,3.21557,2.45298,1
-3.63347,-2.39846,0.60327,3.58281,0.75095,-2.19794,0.56221,-0.05023,-0.89211,0.90845,0.55592,0
0.18107,0.34222,2.73256,1.41080,0.79285,0.77460,1.66664,0.36964,1.09002,2.40007,-4.05812,1
-0.57175,0.11803,2.08163,0.22116,-1.42542,-3.58336,-0.08898,-2.33809,2.13235,1.00442,1.79529,1
1.98426,3.10938,-3.09535,2.33524,0.29809,5.13080,1.07139,-2.54819,0.74459,2.50577,-2.56762,1
0.48077,0.44134,2.41546,-0.30018,-1.46606,-5.03370,2.33889,-0.52500,2.57575,1.29473,1.62023,1
-3.33566,-1.75361,3.20013,-0.20460,0.29755,-6.85733,0.82183,-0.50992,1.10312,3.78091,3.77371,1
-2.87599,1.23044,1.86756,-0.57443,0.87245,0.02380,-1.42854,1.60474,-2.06920,1.63798,2.42502,1
1.26535,0.90720,4.52378,-1.23817,-1.88467,-6.70150,4.05024,1.14119,3.20911,1.71017,0.75051,1
0.59596,-1.62814,2.47550,0.40471,-0.12414,-1.05821,-0.41518,-1.52141,0.91962,0.59250,-1.40235,1
0.82605,1.85559,0.32132,1.24004,-0.60844,1.06672,1.13296,-1.35367,0.02594,2.83715,-1.14933,1
-0.42248,1.73620,1.75978,1.58205,0.11830,1.56658,-0.69762,-0.76110,-0.48652,1.10452,0.50793,1
0.17919,-0.53236,0.64178,0.12439,-0.68166,0.31215,-3.59896,-5.97519,4.53445,-0.79488,-0.84046,1
2.19427,3.25632,2.89161,-3.45335,-2.58899,-1.28734,-0.73568,-3.50032,2.53613,4.10388,-0.56613,1
1.27546,1.41231,1.07953,-2.37686,-2.14725,-6.54427,4.89669,2.42002,3.48785,0.15493,0.88367,1
-3.14491,-0.72968,-1.24598,0.88262,1.39924,-0.79333,1.84443,2.77190,-0.31502,0.89969,-1.44407,0
1.45526,1.99690,3.02411,-3.51356,-0.59696,-3.59218,1.83955,2.17082,1.64886,1.03297,2.22690,1
-2.52939,0.21109,2.52231,1.54535,0.25229,-5.98186,4.94580,4.70342,0.23226,0.91579,2.55443,1
1.45170,0.63954,-3.88218,1.20309,-1.66480,4.90612,-4.41914,-6.78362,1.58023,-2.02674,-1.55694,1
-0.04500,1.87780,-0.22399,-3.45390,-2.16233,-0.05390,-1.69570,0.35885,0.35835,-1.60584,-0.39938,1
0.46449,2.04372,-4.40953,1.78064,-2.89162,4.95672,-4.22019,-9.49387,2.38072,1.78328,-3.44751,1
0.24595,1.06438,-1.95938,2.61154,-0.66665,4.62342,-1.43101,-2.61373,-0.08217,-0.75426,-3.32107,1
0.40894,0.97904,-1.54385,1.69251,-1.96317,0.84225,-1.92704,-6.32911,1.39573,2.01713,0.40416,1
1.18255,1.39843,1.55912,-1.05145,-0.84315,-3.21235,1.24019,-3.12351,2.89482,4.53533,1.68480,1
0.52977,2.84053,3.72036,-0.49129,-0.26414,-0.20967,0.26273,-1.61807,1.80413,4.19817,-0.45344,1
-2.56771,-0.64229,3.50482,-2.08504,1.15416,-5.32603,0.08204,0.11872,0.76420,4.61335,4.10191,1
-2.49475,-0.00346,0.29829,-0.53110,-1.43480,-3.93519,-0.22247,-1.90135,1.38207,2.16329,1.58154,1
1.28618,-1.68565,2.62194,-0.65339,-0.27742,-1.95296,0.55854,-1.35241,0.44272,2.68036,-1.59921,1
-1.49705,1.93556,0.95029,1.90115,-0.21776,-0.39698,1.83663,0.93781,-0.18464,1.92816,-0.15611,1
-1.47424,1.51262,-0.97556,-4.28490,0.60186,0.95856,-2.07238,1.67046,-1.35494,1.15963,1.32633,1
0.28345,-0.81381,2.06072,1.05776,-0.21362,-2.45991,1.18616,-0.66981,0.05136,1.72888,1.09510,1
0.62003,-3.53305,0.12634,-3.41870,0.53538,-5.51930,2.59865,2.19651,0.02302,1.86090,0.59332,0
1.48031,-0.22522,-0.59579,0.94668,0.01607,0.71437,0.00908,-4.18776,2.16841,2.87399,-1.69429,1
1.04124,2.78727,-2.64333,0.14433,-2.04719,4.02054,-3.60662,-3.70014,0.99903,-3.29081,0.55847,1
2.86329,-0.61902,2.11862,-1.42205,0.88031,-3.36683,1.71216,-1.87816,2.87914,3.20909,2.30778,1
-0.33239,2.32185,-0.21165,1.25708,-2.18421,1.80114,-1.78772,-4.12960,0.99113,1.28838,-1.41580,1
0.54654,-1.33159,1.35344,-0.90665,-1.58453,-0.48544,-1.99856,-1.06945,-0.47361,-1.92284,-0.85357,1
2.79736,-0.13552,0.75656,-1.76934,-0.36121,-2.42423,-0.35934,-3.06196,2.25982,1.07878,3.58830,1
1.52765,-0.37626,1.12518,-0.23281,-0.18934,-0.74560,1.19246,-0.00791,-0.27329,1.42373,-0.59726,1
0.93923,1.68373,0.50604,-0.15797,-0.61172,-2.42133,1.93855,-1.26150,2.77947,1.91668,1.53592,1
2.19662,0.43276,-0.46675,-0.23163,1.28907,4.27766,-1.96239,-2.23995,3.37087,-2.01987,-3.19940,1
-1.74609,1.15093,-1.81693,-0.81184,-1.43968,-1.08399,-0.71180,-1.84811,0.63753,1.58452,0.70022,1
-1.44686,2.79034,0.47630,3.03438,-2.00426,1.16374,-1.16894,-5.30384,2.17642,2.91680,-1.47880,1
1.73341,0.20432,-2.21691,1.63648,-0.41415,2.64850,-2.17048,-6.58894,2.60765,1.12669,-0.76618,1
2.37762,-3.14545,1.06252,-0.19004,1.55334,-3.65478,1.07015,-4.36000,3.90365,3.79401,1.20354,1
-0.68544,2.84185,-1.90424,1.53500,-1.16911,1.80543,1.36347,1.69776,-1.12554,-1.09308,-0.54406,1
3.54998,1.50055,-3.96122,0.84256,1.71571,5.50179,-0.84576,-3.71456,3.25069,-0.71498,-1.05074,1
-3.16223,-1.67595,1.48793,-0.89064,0.32064,-5.39474,0.66528,2.95098,-0.79361,-0.63560,4.29769,1
-3.02377,-1.83634,0.37315,0.59476,-0.74958,-6.94680,2.55911,1.98545,1.98946,-1.63630,2.55605,1
-0.50918,2.13554,-1.15428,2.35835,-3.15906,1.34020,-2.68653,-6.00765,0.14668,0.97661,0.91481,1
0.04697,0.28679,0.09341,1.76744,-0.26763,2.11287,-0.59071,-0.54654,-0.09730,-1.33270,-1.84251,1
1.59743,1.12788,-1.71472,1.77862,-0.35076,2.89318,0.60005,-2.59169,-0.38101,2.62671,-2.09568,1
1.95971,2.38793,-2.16543,2.29167,1.09092,5.05383,1.02082,0.59603,-0.52378,-0.96573,-1.01497,1
1.10836,3.79154,-1.92120,3.13539,-1.05164,3.18392,-0.03168,-3.19951,-0.09759,1.14234,1.90197,1
-0.44837,4.00125,-1.49606,3.55853,-1.18675,4.34703,-1.18986,-2.95258,0.50543,-0.29727,-0.27683,1
0.43634,3.65935,-0.85590,2.41277,-1.01314,4.81196,1.29300,1.43976,-2.63485,0.58156,-3.19036,1
1.61052,2.89291,-2.90931,-0.36340,-1.80703,4.99649,-1.33166,-0.49652,-1.58368,-1.80155,-2.16895,1
-0.89618,2.22566,-0.92042,2.59315,-1.99212,4.71377,0.98419,2.44693,-4.63476,-0.02124,-5.69459,1
-1.26472,1.98253,-1.61565,-0.47487,-3.17769,-1.88980,1.09107,-0.81061,2.29341,-0.37408,-2.20851,1
2.92659,0.68152,-1.49295,0.97298,4.09394,5.05150,-0.52123,-1.81138,1.84930,1.06325,0.79645,0
-0.74309,0.71369,1.44846,3.58396,1.25474,3.01162,1.41707,0.73164,0.43223,0.92205,-4.65420,1
0.29590,0.65281,0.80402,-2.33330,-1.48362,-4.50948,1.99081,2.31827,1.44642,-1.53782,2.17415,1
-0.53767,2.77233,-0.40736,2.14804,0.22027,1.80115,1.98758,0.48496,0.96548,1.45793,-1.81505,1
3.53669,-0.46844,-3.26635,-3.04177,-2.07332,1.73128,-3.04512,-5.14561,0.81271,-0.31736,-0.64460,1
-2.25015,0.89424,3.24974,1.01839,-2.43551,-2.69920,-0.05380,0.16499,0.35758,-0.58070,-0.49625,1
0.93285,-0.64772,-0.70579,-1.84889,-2.62343,1.24583,-3.31773,-3.15348,0.14360,-1.72629,-2.72581,1
-0.46574,1.47606,-0.17193,1.52246,-2.39973,0.53275,-1.53594,-4.52868,0.66985,1.72791,-0.62362,1
-0.34396,0.42572,-0.18753,1.95184,-1.97915,0.94114,-0.32954,-2.58363,-1.16215,1.89972,-2.30215,1
2.09179,1.12565,-1.25931,0.49131,-0.21269,1.70018,-0.49907,-2.44709,0.76042,0.11058,1.07875,1
2.69842,1.54763,-0.09241,-0.82725,-0.21497,-0.35893,0.77757,-2.35308,1.75583,2.31337,1.72630,1
2.46946,2.78630,-2.18974,0.81671,0.11040,2.73423,0.74356,-2.91249,1.53978,2.36574,0.24732,1
-0.01244,-0.35217,2.34951,-2.08125,-1.07141,-8.03431,3.42733,0.59104,4.01182,1.53555,2.69480,1
2.55972,-0.53085,-1.85188,-0.34953,-1.18846,-0.96793,-1.32501,-7.10619,2.46027,3.16732,1.83630,1
-3.02030,1.28738,-2.66198,-0.90581,-0.34906,1.06528,-1.65610,0.45749,-1.64461,0.32594,0.99591,1
-1.07029,3.80979,-2.40052,3.20411,-2.92440,6.77128,-2.57794,-4.86369,-0.26218,1.25711,-6.35465,1
-0.19399,1.32109,-0.04446,-0.08572,-1.43799,-3.21947,2.45798,0.80303,1.88964,-0.22740,0.97599,1
0.62725,3.26876,-1.96990,2.56785,-1.29838,4.40920,-1.23513,-4.01234,0.70621,0.90466,-1.47013,1
0.41643,2.04003,-1.45534,3.21088,-0.50665,2.99113,-1.32863,-5.99456,2.66031,2.01862,-0.84561,1
4.54960,-0.19784,0.36984,-1.47054,3.18634,-0.86911,3.05520,0.26713,3.38306,1.88064,2.09629,1
-0.66940,2.35547,4.86521,2.49520,1.08396,-0.02765,1.94443,1.32703,-0.19588,3.41630,0.25126,1
-2.02271,0.35476,-1.34385,-2.05080,1.07137,-1.58260,0.12123,2.00137,-0.94925,1.26572,3.27401,1
5.18597,-0.28273,-0.61719,-1.33494,2.38039,-1.11703,0.50292,-3.71097,4.59412,0.80469,5.47686,1
2.77781,2.88349,1.04675,0.25349,1.41652,-0.23119,2.80838,-0.67224,2.56261,3.44708,2.46814,1
1.32164,1.41675,0.15796,0.62952,-1.37444,-0.34480,-0.46510,-4.15701,1.15620,2.54006,1.46904,1
-0.32220,-2.39407,2.87340,1.01495,-0.82877,-5.26698,0.58717,-4.04484,1.83321,4.08300,1.30921,1
-1.65915,1.74567,0.82153,-1.02098,-0.11013,-0.00312,-0.85756,0.12979,-0.35229,1.92255,0.84419,1
-1.57821,1.24424,-0.24670,-1.04705,-0.52139,-0.79441,-0.24963,0.40613,-0.27442,1.14502,0.93267,1
-2.97611,-1.38629,1.75829,-2.64617,0.70625,-6.29409,1.00840,2.50264,-0.29417,2.29807,4.44146,1
1.59542,0.43223,-0.99802,0.31197,-0.64672,2.02353,1.80910,0.99679,-2.36727,1.75879,-3.36784,1
0.34042,3.34047,0.45765,-0.01558,-2.31445,-2.40121,3.50530,1.63880,1.47664,0.45379,-0.15052,1
0.88532,-1.71361,-0.51496,1.38114,-0.18357,0.83769,-1.95864,-5.04755,2.07370,0.43311,-1.35703,1
0.74747,0.30963,0.39154,0.31085,-0.89932,-0.90816,0.31656,-1.79847,0.63273,1.34314,0.30970,1
0.09665,3.76187,-3.52573,-0.22867,-2.29844,3.13415,-0.74634,-1.62128,0.44331,-0.47741,-1.53987,1
-1.00439,1.73353,2.10585,-1.52197,-0.04957,-1.17276,-0.60443,-1.91608,1.47700,4.61392,0.41068,1
2.36906,-2.40773,0.44546,-2.61575,-0.44738,-0.34901,-0.75398,-0.80650,0.40582,-0.39817,-2.75088,1
-0.05773,0.47369,2.20206,-2.20106,-1.77884,-6.01898,1.80271,-0.55706,2.28964,2.48209,2.19825,1
2.13303,2.88193,2.78685,-2.35170,-4.33608,-3.97527,1.72504,-1.67960,3.12450,1.39449,-1.20722,1
-1.22597,1.26791,-1.45159,-3.70681,-0.69981,-0.05155,-1.50309,1.57712,-0.99498,-0.50197,1.05774,1
0.64870,2.61421,1.18157,0.75316,-3.07661,-3.11474,3.31338,-0.10629,3.03088,0.03491,-1.50218,1
0.46208,3.95973,-2.44949,-0.34093,-1.80043,1.30901,2.42808,2.28654,0.03754,-0.83330,-1.34425,1
0.74401,0.11423,-0.21444,0.74229,-1.42334,0.15206,-0.46371,-1.99882,-0.66855,0.50464,0.01658,1
-2.93272,-1.62940,0.45754,0.27397,-0.53256,-5.27366,1.85854,3.22657,0.13804,-2.31919,2.25132,1
1.59886,-0.62127,-0.87259,0.67946,0.43259,2.56471,-2.13307,-2.92681,2.00541,-2.24050,-0.96844,1
-1.77347,4.95459,-3.59377,5.13792,-4.26850,3.09169,-1.24041,-7.34309,-1.09233,4.28073,0.26418,1
0.02908,1.02879,-1.86387,-1.75684,-0.42680,-2.98162,2.51955,1.16308,1.67242,0.88171,1.63943,1
-1.86551,0.20013,0.59680,-3.32234,-2.01709,-5.86616,1.11310,1.13561,1.38620,0.94721,1.58483,1
-1.73254,0.78960,1.56958,-1.40938,-0.15047,-3.54123,0.66028,-0.28623,0.89466,3.70554,2.16984,1
1.73433,1.22821,-1.78558,1.30030,0.01438,3.00576,-1.27338,-3.42009,1.71470,-0.61846,0.02287,1
0.75947,0.70476,-1.50079,0.58310,-2.32896,1.14058,-0.91269,-3.45810,-0.88743,1.67237,-1.32464,1
-2.02245,-0.92079,3.84396,-1.95246,-1.24875,-6.90371,0.75668,-0.21845,2.51169,2.02199,1.54619,1
0.52674,-1.05584,0.78559,1.01371,-0.62530,-1.09646,-1.68327,-5.72433,3.02745,1.80070,0.05878,1
-2.05647,1.00107,-1.03989,-2.08392,-1.80594,-3.76685,2.16886,4.60018,-0.58024,-2.32762,1.24415,1
-3.33740,-0.07944,0.27142,0.85805,-0.30469,-3.98243,1.36841,1.59213,0.36817,0.02522,2.54491,1
-2.06820,-0.22882,0.78708,-1.18503,0.05571,-3.80006,0.31566,0.27754,0.32469,2.02158,3.11222,1
1.68067,2.96082,2.38237,-0.23080,-3.62796,-4.21627,3.93494,-0.14648,3.66530,0.73998,-1.64134,1
4.17274,-2.20469,-0.33669,-2.87507,0.14714,-2.34701,-0.93155,-3.64510,2.29554,0.27399,3.23420,1
0.27787,3.80678,-0.14542,2.19924,-2.43250,2.48710,1.61832,1.03184,0.35681,-1.84915,-3.60116,1
-0.40083,1.87593,2.57737,2.50996,-1.68244,-2.22670,3.10569,1.76140,1.06927,-0.84694,-0.67914,1
-0.00848,0.92418,-1.56130,0.11870,-0.40784,-1.73250,1.12311,-1.69178,2.40489,1.15301,1.50242,1
-1.29361,1.01897,-0.33767,0.33564,-2.12442,-3.49752,2.23159,0.59942,2.55569,-1.12544,-0.60513,1
-2.36590,-0.48521,0.89730,1.54340,1.87358,-3.41114,2.88914,3.88603,-0.34598,-0.03903,3.68750,1
1.52560,-0.40760,0.68628,1.37138,1.44163,1.73751,0.95669,0.15603,0.63363,0.10317,-1.75629,1
2.24961,-3.21938,2.10669,-2.15645,0.41486,-4.64178,0.59634,-1.53966,2.05644,1.23190,1.79901,1
2.48707,-0.75877,-1.02653,-0.27961,0.08005,1.48036,0.83028,-0.25791,-0.97497,0.73444,-1.90838,1
-0.57385,1.09181,2.01899,2.02717,-1.45361,-0.90764,1.35555,-1.33670,-1.14717,4.06674,-1.06954,1
1.52602,2.72246,3.22543,0.50695,-1.39544,-2.78479,4.11327,2.40084,0.97285,0.94922,0.42781,1
-0.06804,3.04449,3.23586,-1.10880,1.17472,3.31975,-2.46541,-0.67288,-1.53679,3.78562,1.02553,1
1.76343,-1.01038,0.94651,0.56861,0.81520,0.24793,-0.26818,-2.43826,1.96577,0.74190,-0.54647,1
-1.37850,2.44228,0.09712,-0.98881,-1.17860,-0.31149,0.75481,1.94155,-0.07130,0.11508,-0.70372,1
0.37968,1.13912,2.35093,0.85121,-1.34662,-4.24402,2.77380,-0.92775,3.07008,1.72131,0.91140,1
-1.77635,1.06562,-1.31746,1.39401,-0.46591,-2.54011,3.94575,4.11571,0.65131,-1.98277,0.28077,1
-2.59575,1.01768,1.55166,2.07409,-1.92193,-1.36430,-0.45016,-1.34316,0.05415,0.68278,-0.18926,1
0.13759,0.05376,0.51119,1.98153,-0.33885,-0.01547,1.40753,-2.25513,0.30726,4.03161,-2.35486,1
-0.96453,0.12863,-0.07730,1.69778,-0.99316,2.75437,-3.09938,-3.74052,2.15904,-1.82936,-3.48679,1
-0.83227,0.85004,0.07303,-0.88291,-2.17706,-5.60000,3.67970,2.08560,2.29584,-0.51748,0.61856,1
1.96548,3.75167,1.44722,-0.33991,-0.46482,2.06569,1.42869,1.67479,0.15423,0.23908,-0.79866,1
2.67609,-0.32711,-0.83220,2.09016,4.11832,4.09065,0.16143,-1.67802,1.79298,0.95944,0.49778,0
-2.95599,-0.02681,2.14303,-0.07218,-0.10644,-3.98745,1.89925,3.56346,-0.64598,0.39091,1.47201,1
-0.83914,0.26619,-2.20685,-1.15179,-2.10596,-3.18253,1.18394,-0.24747,2.45869,-1.39466,-0.21631,1
0.21346,2.40340,1.47735,-0.11056,-0.26248,-0.87205,1.77675,1.08927,0.47388,1.75225,0.90687,1
-2.80015,-0.65649,3.71830,0.03130,-0.18867,-4.48010,0.45666,1.09774,0.49481,1.17948,1.71246,1
-0.77902,1.19930,0.37334,2.63997,-1.78751,-2.33853,1.99373,-2.27569,2.31292,1.69288,-0.48089,1
0.24941,3.84854,-1.38969,2.35150,-1.77422,1.96472,1.08836,-3.93098,0.37340,5.16343,-1.26008,1
0.04391,0.07267,2.21040,1.56813,0.77430,0.09752,0.58892,-0.08407,1.59893,-0.02117,-1.11939,1
-2.76116,0.28875,-1.34436,-2.39913,-1.80952,-3.14434,-0.04618,1.30140,0.19067,-0.48941,0.42621,1
-1.39299,2.60073,-2.31759,3.49896,-2.94934,4.63522,-5.01266,-7.54085,1.55630,-1.45978,-1.28905,1
3.37355,-0.44390,-4.30590,-0.06399,-1.06911,2.66960,-3.48108,-7.62718,1.84133,-0.39344,1.56933,1
-2.48999,1.58654,-4.51630,-0.79605,-1.14005,1.40988,-0.37905,2.08073,-0.95330,-2.71526,-0.65051,1
2.38076,2.30837,-5.05981,0.09799,-1.48561,5.98311,-2.92833,-5.67324,1.50556,-0.44790,-2.60607,1
-0.25216,0.58484,-1.22093,2.79369,0.38582,3.41073,1.32897,1.35949,-1.50367,-0.29041,-3.66305,1
-0.61480,0.92426,0.53956,-1.38848,-2.30700,-3.19777,0.82430,0.03904,2.22047,-0.79060,-0.52214,1
2.40356,0.25574,-2.27519,0.12671,-0.22220,2.58903,-1.43708,-2.90063,0.92213,-1.29533,0.09777,1
1.15373,-0.47360,-0.98966,0.54214,-0.57736,0.78710,-1.69234,-5.25444,2.86343,0.97070,-1.20228,1
-0.50321,-0.36896,3.02909,0.32995,-2.09161,-6.12049,1.53572,-2.78203,4.39474,1.64897,0.40372,1
-2.14413,-2.31034,-0.11369,-2.90643,0.18117,-6.49716,-0.05068,0.58915,0.81316,0.41278,5.38304,1
2.38912,0.50373,-2.17459,0.20601,0.37154,1.68814,0.14908,-3.92406,2.40674,2.34605,-1.01047,1
2.98128,3.12708,1.45490,-1.38349,-1.21262,-3.13814,4.80493,2.96290,2.62703,-0.34165,1.07340,1
-0.11711,0.77862,0.43487,-0.06090,-0.48035,-4.26939,2.81613,-1.23358,3.48069,2.97025,1.19839,1
-1.11839,2.08373,0.57618,-4.05775,0.20509,1.32046,-2.52761,0.94077,-1.46345,1.90095,0.97930,1
-1.10938,1.57527,2.32143,-1.59231,-3.83617,-4.21652,0.75717,0.06320,1.60233,-0.13960,-1.16266,1
-0.48931,3.53075,0.39841,2.96941,-0.60355,3.79386,-0.93120,-2.49235,1.45052,0.49298,-1.81441,1
-1.25109,2.01228,5.76857,0.88962,-0.90578,-2.94572,1.54833,-0.79551,1.83448,4.74927,-1.10482,1
0.73476,0.45910,-0.01858,0.20486,-1.77237,-0.06802,-2.76906,-5.48418,2.39394,-0.02686,0.97940,1
-1.37208,0.53934,3.21678,0.46486,0.38915,-3.57681,2.28978,2.73033,0.82319,0.43857,1.78456,1
-0.25777,2.65779,2.00430,0.80162,-1.35597,-2.01360,2.76248,0.66507,0.94432,2.46169,-0.22927,1
-0.73906,-0.01549,0.90124,-0.37629,0.06271,-3.89070,2.71753,2.90080,1.34434,-0.94688,1.67119,1
-1.20142,-0.16203,1.60294,-1.58299,-0.07958,-7.29469,3.92320,3.08001,1.60021,1.46212,3.98457,1
-0.16979,-1.58638,3.54474,0.70082,-0.34620,-3.49312,0.33581,-1.97148,1.44988,2.18187,0.28152,1
-0.52020,2.47387,1.24096,2.07861,-0.50367,0.00354,2.88137,3.31862,-0.33650,-1.00774,-0.54987,1
-3.27812,0.37972,-0.15751,-2.84602,-1.23059,-3.12921,-0.23465,2.90547,-2.12842,0.47404,1.88455,1
-1.66998,0.30051,-0.40791,0.73972,1.33236,-3.18092,3.22219,3.69631,-0.25098,0.18425,3.77989,1
0.42010,1.69405,1.59404,-0.44129,-2.13898,-4.06374,2.72093,0.19222,2.16740,1.03701,0.59731,1
-2.73865,1.32318,-0.43672,-0.09280,-0.70358,0.09971,0.55387,4.63579,-1.66225,-3.28146,-0.52073,1
-2.03291,0.73068,-1.30787,-0.04529,0.49432,0.14339,-0.69464,0.22603,-0.86441,0.85765,2.00210,1
0.84768,0.82932,-2.70508,0.49614,-2.62091,1.10515,-3.31073,-8.25627,2.37439,1.74857,0.12448,1
-1.86675,1.83358,-0.91335,-1.68919,0.11075,1.53076,-1.37960,1.02300,-1.10622,0.81953,0.15804,1
-0.37004,1.15479,2.87225,1.60856,0.88164,-0.68975,1.06781,-0.99654,0.60412,4.01126,0.81170,1
-1.97815,2.75688,1.65080,-1.53195,0.10066,2.23952,-1.52329,1.22337,-2.07084,2.88781,-0.88522,1
0.33486,3.10820,-4.17279,3.72144,-2.34532,5.33370,0.26304,-2.65727,-3.38228,2.22688,-2.66734,0
3.00125,2.45767,3.51768,0.58090,-3.37973,-7.09831,6.81380,0.15546,5.52519,1.43808,-0.81720,1
-2.52354,0.05068,2.89113,-0.76365,-0.29509,-4.25347,0.66283,1.82494,-0.05910,1.09209,2.49658,1
3.78734,-1.22783,-1.59939,-1.52262,-0.72172,-1.45154,-2.01406,-7.26796,3.14149,1.82368,3.44027,1
-1.53151,0.59236,-0.24627,-0.60218,-0.83426,-2.96533,1.62643,2.07926,1.01577,-1.10321,0.91908,1
-0.96564,-1.02216,-0.26227,-4.72809,-0.97343,-6.85340,0.62061,-0.21526,2.26929,1.93697,3.61103,1
2.43434,0.35547,-1.39251,0.44425,-0.55583,1.00927,1.10527,-2.62799,-0.40126,3.45314,-1.01553,1
1.94992,1.92126,-2.48956,-0.28020,-1.82216,2.43042,-4.30737,-8.85336,4.42713,0.41034,0.84358,1
-1.02958,2.26422,-1.22116,3.14526,-2.05751,3.18188,0.01561,-1.15160,-2.06493,0.81290,-2.94027,1
0.02879,2.10810,-1.74788,1.90033,-2.70202,0.81475,-2.37720,-6.99872,1.57864,1.83315,1.45281,1
-2.56391,-1.17915,4.35123,0.49494,-1.39963,-6.75115,2.11024,2.14808,1.50233,-0.69319,0.92169,1
1.18430,-1.62617,-0.13074,-0.14497,-0.43595,0.03720,-1.37409,-4.40054,2.17589,1.49422,-2.21096,1
-1.91459,1.66844,-0.18844,-0.82346,-1.14812,-1.24177,1.60480,3.89923,0.23159,-2.26776,-1.13985,1
-3.14868,0.36812,0.35908,-0.64256,-0.16134,-5.03225,3.17249,4.95773,-0.93202,0.04965,3.03205,1
-0.69238,2.12658,-2.01211,3.67347,-2.16628,4.13103,-1.24758,-3.82960,-1.28366,1.30167,-2.96442,1
-3.38067,-0.74141,5.06769,-1.84526,1.46978,-6.12725,1.21763,2.37715,-0.16842,4.94538,3.57631,1
-0.94167,2.15764,-0.31311,-3.74876,-0.88032,0.78421,-1.89764,0.64509,-1.26921,1.41279,0.36169,1
0.60563,3.68616,-0.89983,-0.99160,0.19010,2.35415,1.03082,1.71708,-1.17855,1.85743,0.54718,1
-2.36100,-0.37556,-0.11109,-3.34085,0.01669,-3.66413,-0.42981,0.70342,-0.03788,2.38633,2.56292,1
-1.94864,1.72158,-2.77846,-1.11216,-0.08499,1.76955,-1.75376,-0.39951,-0.96969,0.75283,1.09470,1
-0.48905,1.36345,0.39139,0.53561,-1.82224,-1.71830,1.52274,0.99125,0.01873,-0.55041,0.18077,1
1.45950,0.67533,-1.68622,1.89017,0.83219,2.80756,-0.80384,-4.59533,3.05762,1.25417,-1.13196,1
-0.03202,0.77803,4.97932,-3.03951,-1.26782,-5.86885,1.58183,1.43538,2.28746,1.60779,1.45099,1
-1.62403,2.86965,0.02766,0.03613,1.21630,1.93276,0.78224,1.36754,-0.14314,3.07112,-0.79620,1
-0.72603,2.79742,-0.16391,3.91875,0.03619,3.60829,0.33755,-1.64447,1.01054,0.91460,-2.31963,1
3.98230,0.48814,-3.71445,0.06104,1.42383,2.82158,2.20962,-1.79231,0.86644,2.89352,-1.24205,1
1.82906,0.32495,-3.28455,0.73099,-2.36152,1.36545,-2.89553,-7.34858,0.84830,0.91551,1.46807,1
-2.25438,-1.79863,1.69148,0.31746,0.13095,-6.36093,0.80040,-2.33036,2.56213,3.23233,3.70009,1
1.08138,0.03358,0.41261,-0.15827,-0.90598,-0.96270,1.42332,0.42112,-1.32909,1.41982,-0.13103,1
0.58173,3.10085,-1.39843,-2.09857,-0.62708,0.93150,1.30042,3.32917,0.18839,-1.92242,0.01740,1
0.42367,0.84824,-0.92740,1.82781,-0.46525,4.13904,-1.21122,-1.86603,0.13308,-0.60847,-3.87430,1
-1.39609,1.61128,-1.26905,-4.24924,1.28727,0.85970,-2.38522,-0.18268,-1.66794,4.24301,3.14166,1
-0.17321,2.92041,-1.40485,1.26937,-2.49548,4.21403,-1.59101,-2.67572,-0.51144,0.49296,-4.01028,1
1.47697,3.08716,-1.26286,1.81021,0.44615,6.69497,-1.18550,-0.92432,0.98051,-1.93626,-3.45693,1
0.03683,0.37475,2.16310,-0.04225,-0.67198,-3.67909,0.83193,-1.45414,1.70235,1.91145,2.74605,1
0.34995,2.74088,2.21536,-0.00192,-1.25825,-1.21221,2.13795,2.04308,0.02789,0.51659,0.34062,1
-0.76005,0.14261,-0.36319,1.16904,-0.75303,3.54680,-2.19655,-2.33703,1.15641,-0.91941,-5.44059,1
-0.09273,-0.55485,-0.04070,-2.78845,0.01543,-4.43477,0.18874,-1.48837,2.55067,2.00663,3.46758,1
-0.76643,0.05192,0.61806,1.00958,0.54668,-4.10450,3.65146,3.27675,1.14591,-1.07648,2.95834,1
-3.70963,-1.42689,0.42331,-2.59164,1.19573,-3.41102,-1.29476,2.08341,-1.54185,1.15455,4.04406,1
-2.47693,1.24209,1.01564,-1.47439,0.74869,-0.91369,0.04465,2.63506,-1.10402,1.50643,1.48642,1
-0.18072,3.67660,-4.20505,2.43955,-3.18559,3.26723,-2.77260,-6.46685,0.66661,0.10419,1.37206,1
-1.75466,-0.06327,1.37007,-0.40053,-0.89680,-2.55565,-1.11225,-1.90920,0.81923,1.66776,1.55234,1
-2.86191,-0.61457,1.02997,-1.30202,-0.16015,-5.16266,0.74956,0.68299,0.33733,2.36884,3.26322,1
-1.24771,0.73768,0.98401,1.00944,0.36625,-0.80361,0.00228,-1.06382,0.45309,2.16188,1.51935,1
0.85554,1.59033,-2.11176,2.21520,-0.20801,3.85521,0.95731,-1.91178,-0.43254,2.78453,-3.79590,1
0.29957,2.51839,-2.15868,2.38054,-1.29814,5.50834,-0.67171,-0.63010,-1.94156,-0.87769,-3.55025,1
3.23646,-1.03482,0.47901,-0.67472,0.70799,-2.33870,1.10533,-2.32863,1.50064,2.08646,3.38916,1
0.97198,4.34143,-1.77955,2.45897,-1.58330,4.20224,-0.36961,-4.68921,0.96707,3.32097,-1.72916,1
-1.69424,-0.26276,1.73144,-1.28014,0.04751,-5.43145,1.65721,0.07241,1.79262,3.27223,2.69842,1
-0.53428,0.27019,-0.36297,-1.63640,-0.25410,-3.09847,1.11942,1.53814,1.35127,-0.98086,2.36703,1
-3.29005,-1.90026,1.50697,-4.32444,0.67943,-5.83916,-2.02866,-0.24639,-0.24074,3.35444,5.53620,1
-0.98098,3.62783,-2.27866,3.50610,-2.40053,4.84507,0.09278,-0.80358,-3.21552,0.99259,-3.11852,1
1.90432,-1.97838,3.45993,-1.43961,0.45703,-4.96159,0.17039,-2.66749,3.34423,1.69563,3.30654,1
2.62262,-1.86151,0.52144,-1.90984,-1.04501,-4.26280,0.18415,-5.63850,2.50645,4.98268,1.65857,1
-1.08941,1.82090,1.19581,3.46733,0.22755,2.50779,-0.60773,-1.61761,1.95319,-0.62233,-1.76407,1
-1.03622,0.37225,-0.12291,-1.53100,-0.81932,-4.26295,1.32803,0.39349,1.70157,0.72363,2.50290,1
1.56830,1.44557,-3.70103,1.16798,-1.95831,4.27570,-4.09078,-8.65777,2.71528,0.59067,-1.47286,1
2.05497,-0.84464,1.86055,-0.87611,0.25185,-1.72255,2.35855,2.14233,-1.37479,1.31205,0.18623,1
0.38853,0.57508,1.00831,-2.04848,0.61177,-0.20822,1.58993,3.47087,-2.70204,2.31324,-0.08585,0
-1.01280,0.72069,0.11090,-0.66418,-0.09621,-3.64695,2.77364,2.95204,1.40915,-0.71578,1.86360,1
1.62563,0.32293,0.16282,0.21481,0.43485,1.55852,-0.35364,-1.09441,1.35641,-0.61926,-0.83405,1
1.19253,3.55260,-0.47515,-1.20819,-2.63266,-1.38376,2.67747,0.86668,1.70469,0.24821,-0.84901,1
-3.00621,-1.34521,-0.94476,-1.50669,0.05971,-4.74374,0.13002,0.88724,0.49176,0.13971,3.80578,1
-0.03366,1.66838,-0.17702,-2.94356,0.70443,-0.90049,0.21985,1.86844,-1.27133,1.96739,3.78123,1
1.67359,0.99136,-1.74287,0.53150,-0.74969,2.81607,-0.34019,-2.44335,0.11456,1.11573,-2.30195,1
0.73565,0.76494,-0.88780,-0.06850,-1.77439,1.46368,-0.93913,-2.79924,0.12269,1.28902,-2.53907,1
3.42128,3.64957,-5.43082,0.40613,-0.68800,4.70677,-2.18089,-8.46338,4.17920,2.26209,0.99420,1
1.30610,1.36325,4.85409,0.52288,-2.76275,-5.88195,4.28611,0.95342,3.28605,0.36552,-0.68429,1
-1.34550,-0.04925,1.40837,-2.75357,-1.01244,-5.45408,0.33714,-1.88148,2.45627,3.97391,2.06853,1
0.89825,-1.51880,-1.41377,0.66947,-1.28033,0.21941,-1.71127,-5.94374,1.47059,2.23048,-1.80461,1
0.57017,1.13318,5.39707,-0.48076,-3.14274,-7.79956,3.85398,-0.92695,3.98541,3.23467,0.01013,1
0.95447,1.81314,-5.76925,2.17838,-2.21334,6.13610,-1.80934,-3.83656,-2.06127,-0.39044,-3.09980,1
-1.19576,1.19352,-1.52403,-0.16447,-1.75183,-2.54000,2.49162,2.16598,1.18216,-1.66808,-0.42365,1
-3.37312,0.14536,-1.07946,-1.50911,-0.47631,-3.17914,0.25270,1.18234,0.02945,1.10311,1.71713,1
1.73630,-0.32744,-2.29651,-1.39273,-3.54788,-1.20829,-2.36339,-6.22143,-0.21297,1.85073,1.46425,1
-0.19453,1.84363,-1.82156,3.29681,-1.20795,4.01870,-0.52972,-1.40022,-1.71505,-0.52888,-1.84736,1
2.04455,1.74047,-1.62721,-0.66244,-1.29864,2.02882,0.32585,-0.10149,-1.26375,-0.05111,-0.65447,1
-1.37177,0.47869,1.60536,-2.76850,0.54950,-3.17797,-0.37464,0.68919,-0.52001,3.04886,4.22467,1
-3.16621,-1.24402,-2.85796,-1.35583,0.39552,-3.11141,0.34544,3.67066,-1.87526,-2.41493,4.37497,1
-1.85263,-1.76994,1.16067,-3.68451,-2.10737,-5.24546,-0.86584,-1.11544,-1.46826,4.05778,1.10484,0
5.14673,1.84513,-2.31964,-2.53871,0.04108,2.59835,1.00704,-0.05668,-0.62323,0.58447,0.86617,1
1.70868,2.02338,-2.74060,0.96033,2.51954,7.24587,-4.00429,-3.76059,-0.37582,0.18888,2.46410,0
2.40450,0.69108,-3.66631,0.54090,-0.42315,2.64292,0.46128,-2.65596,-0.19558,1.57091,-1.04939,1
1.88287,-1.91788,1.74423,-6.43170,-0.98247,-4.67034,-2.42710,-1.79884,1.62894,0.45352,3.31544,0
0.22473,1.17316,-0.04901,2.01582,-1.21106,2.38563,-0.81971,-3.13270,0.10273,1.61200,-2.59478,1
-0.83094,2.07253,2.70745,0.41890,-1.29664,-0.82124,0.55160,-0.49068,0.97527,2.04922,-1.39303,1
0.02819,-0.35276,-0.47238,-0.00828,-2.34459,1.90387,-2.96414,-2.58553,-0.47052,-2.04390,-2.79864,1
2.16669,3.87762,3.51857,1.39601,0.53138,0.77131,2.68348,-0.08227,1.54787,3.72964,0.18236,1
-0.93678,2.08027,0.01912,-0.99788,-2.40881,0.06250,-0.79275,-0.24795,1.01503,-1.24810,-1.87715,1
-1.17902,2.80908,2.34439,-1.10363,1.74753,4.84618,-3.81884,-0.39008,-2.94870,3.50317,1.14188,1
2.28974,-0.20048,-2.29219,1.03029,-0.07662,3.35207,-2.64544,-5.04549,1.88712,-1.28073,-0.36445,1
-1.39159,3.01377,-4.14367,-2.56302,-0.67307,3.16767,-1.44567,0.89327,-1.10120,-0.05455,-0.64145,1
-0.12185,3.07031,1.73295,0.85245,-2.97237,-1.28119,1.91471,-0.80497,2.40103,1.01303,-3.02444,1
0.24403,2.90494,-3.35281,3.66963,-0.29608,7.51221,-2.45595,-5.92735,2.83632,0.42039,-5.29395,1
0.82004,-0.51898,-0.53842,1.17403,2.99158,3.09369,-0.04422,-1.79230,2.09391,2.24495,-2.38986,0
-1.10183,0.13880,2.86661,0.02159,-0.58513,-7.60346,4.44395,0.65819,3.00253,3.83762,2.35915,1
0.69838,2.47201,-1.40310,-3.50149,-2.93626,-1.69046,1.10160,2.31754,0.97903,-2.68266,-0.41560,1
1.74589,1.00862,-0.85988,1.09073,-1.00876,0.57517,0.64374,-3.35301,-0.00732,3.33414,0.02430,1
2.19107,-0.78324,-0.31327,-1.77741,-1.77929,-0.37060,-1.81379,-3.65967,0.62298,0.44185,-0.28723,1
0.22502,5.10026,-1.25226,2.79721,-0.37722,4.83332,1.82033,-0.09068,-0.02967,2.32324,-2.89649,1
-3.02891,-1.68737,3.07468,-2.64429,-0.09114,-6.20272,-1.01630,-0.75279,1.55335,2.70211,3.07687,1
-0.41351,0.98214,-0.76352,2.71035,-1.57857,3.07995,-1.17364,-1.20206,-2.02719,-1.19549,-1.77176,1
-0.96938,2.48193,-1.47431,0.05973,0.09696,1.18497,1.07097,1.90837,-0.68033,0.39530,0.41941,1
3.63153,0.74862,-2.03622,0.45782,1.46369,2.51800,1.84472,-1.56601,1.33740,2.19477,-0.89886,1
-1.52304,4.35943,-1.59140,4.89737,-2.35352,2.39585,0.33439,-3.68908,-0.77317,2.84410,0.49342,1
-1.42818,-2.01393,2.32149,0.04158,-0.92513,-9.24554,2.83149,-1.11706,4.20830,1.42366,3.83702,1
-2.88721,3.16277,2.26190,2.42984,-0.81025,2.68951,-0.34392,0.61939,-1.66854,2.19728,-2.95666,1
2.25958,1.26892,0.90462,1.23947,1.47477,-1.11885,2.31452,-0.55760,1.59629,1.78267,4.07318,1
0.89714,2.78217,-2.41264,1.72539,-0.99343,6.88535,-2.70122,-2.43291,0.25063,-2.62671,-3.62079,1
0.23616,0.18198,0.31522,-0.30935,-2.91154,-2.32519,-1.59001,-4.34914,0.24301,1.49742,1.94282,1
0.78385,2.30543,3.71677,-1.53915,-1.01379,-0.88899,-0.32204,-0.72624,1.06292,2.15065,0.26671,1
-0.89890,0.22947,0.26818,-4.00736,-3.01769,-5.97518,0.25050,-1.38102,3.21175,0.98430,0.64033,1
-1.02664,2.95010,-1.87483,2.70434,-3.56942,1.39100,-1.02705,-6.42251,0.15985,4.45394,-1.60906,1
-1.90655,0.37793,1.10096,0.18487,-1.59360,-3.39072,0.68364,-0.11642,0.83431,0.52395,0.82251,1
-0.69948,-0.29984,4.30678,0.54186,0.77958,-0.72272,0.05289,0.20231,3.20117,-0.23678,-3.14491,1
-4.27369,-0.82295,3.63841,0.24881,0.55061,-2.11374,-1.46716,2.05656,-2.11915,0.72501,1.64288,1
0.15787,3.25825,-2.34848,1.51861,-3.05455,3.11865,-0.91426,-4.94366,-0.37101,3.65189,-2.87130,1
0.46043,3.20598,-3.85166,2.09621,-3.13153,3.96710,-4.57681,-9.29442,2.40164,0.30117,0.68304,1
-0.11805,2.19422,-1.17185,1.68920,-2.65716,-1.55841,3.34902,2.00478,0.74301,-2.38214,-1.00588,1
1.04485,1.99331,-2.54449,2.37721,-0.76443,4.22226,-1.25297,-4.94605,1.36070,1.49342,-2.18466,1
-0.32561,1.03036,-2.85709,0.29871,-4.57227,1.88750,-4.84577,-8.88596,1.09870,1.21390,-2.12728,1
3.31718,0.35739,-1.54800,-0.96542,-0.31268,1.60896,-1.27335,-3.71828,1.35914,0.36371,0.81552,1
1.43755,0.65808,-0.52550,0.95357,-0.66833,0.76041,1.12158,-0.56182,-1.42323,1.51503,-0.12015,1
-2.91694,-0.89715,-0.26651,-1.25444,1.07891,-4.20577,1.68892,3.39620,-0.57114,0.75351,3.33119,1
0.50243,0.15218,-0.50633,2.65319,-0.15367,2.88095,-1.71098,-4.57777,1.70959,0.58570,-2.20134,1
1.13525,3.64420,-5.35143,-3.99976,-2.68960,0.44399,0.20150,-1.59610,2.77196,0.07250,-0.85664,1
0.08959,0.10931,1.66837,-1.30518,-3.37970,-5.18271,-1.06369,-4.49076,1.06611,2.51070,3.61593,1
-0.99468,-0.15439,5.47332,3.44771,-1.97839,-6.80496,3.74820,-0.79126,3.09550,1.70292,0.40378,1
-2.67726,4.83627,-1.97680,4.42576,-3.49809,5.70433,-2.36617,-4.19966,-0.87785,0.76176,-4.13528,1
0.20298,2.84028,-5.42635,2.27298,-4.37726,4.86616,-4.06017,-6.95477,-1.62362,-0.78997,-0.24676,1
1.74306,-1.41510,-2.14488,-0.98119,-0.40854,1.95984,-0.77434,-0.28178,-0.75458,-1.88301,-2.49244,1
1.24138,-0.94343,-1.24505,1.93175,1.13427,3.53025,-1.59524,-3.48965,2.35938,-0.94116,-2.85587,1
-2.52329,0.40194,-3.25436,-2.28562,0.19195,-0.70921,-0.25417,3.46596,-2.41024,-1.35630,2.89269,1
-0.32338,-0.76547,2.48670,1.10492,-1.00858,-3.44119,-0.40256,-3.26351,1.78146,1.49853,2.10116,1
-2.12228,1.77793,0.56562,2.34600,-0.65670,-3.33337,4.63761,2.64851,0.75992,1.79254,0.01724,1
1.92594,0.34905,0.26473,0.80999,0.85076,1.11713,0.27976,-3.36480,2.79055,2.53598,-1.29820,1
-0.26305,3.54921,-0.81055,-0.43599,-2.81413,0.13251,0.62277,-1.88030,1.83124,1.85079,-2.28483,1
0.44318,5.76684,-6.11699,3.05299,-3.20707,7.65103,-1.41655,-4.69255,-1.74520,1.54815,-2.66177,1
0.05122,3.69250,1.22274,2.26583,1.28215,6.08110,-2.87398,-1.22985,0.21692,-1.24436,0.54333,0
-0.51766,1.27856,0.86008,-0.42934,-1.32722,-3.09401,1.90516,0.95570,0.74858,0.77063,1.25429,1
1.56064,2.88155,-3.34845,1.90981,-1.89598,2.67911,0.22986,-5.76549,0.35246,4.86248,-0.96302,1
1.85889,0.60019,-0.72248,1.21877,2.76249,6.16416,-2.53261,-2.68427,-1.70765,2.44540,0.43603,0
-0.62123,2.28145,3.36799,-0.31464,-0.65689,-0.25417,-0.21820,0.25524,-0.30113,2.11839,0.22050,1
-1.68770,1.74867,1.69433,-2.19183,-0.65204,-1.20357,-0.69470,-0.60367,0.26342,3.93374,-0.12460,1
-0.48063,2.89659,-1.80620,3.52881,-2.35278,3.61299,-1.38294,-5.33263,-0.12331,2.52459,-2.03830,1
0.10409,1.52397,-0.94772,-1.36129,-2.80139,-4.06637,2.67941,0.63405,2.19620,-0.45453,0.17547,1
-1.07072,1.54624,-2.37222,-0.19486,-2.22655,-0.43167,0.70730,1.22650,-0.32595,-2.12172,-0.44966,1
-1.85532,-1.62417,0.39634,-3.05558,-1.66129,-6.32620,-0.47194,-2.84742,3.27545,2.52081,1.14050,1
0.84809,1.85108,-1.65840,-0.31355,-1.16252,-0.76431,2.15954,1.37394,1.98389,-2.19691,-0.23564,1
-1.40136,-0.85878,1.34344,-3.89282,1.26121,-3.64519,-1.49398,-0.57699,0.12401,3.78364,4.59985,1
-1.03599,3.81788,-1.76794,1.54399,-3.98152,2.94573,-2.84356,-4.70248,-0.25683,0.24248,-1.16012,1
-3.35679,-1.03268,1.84435,-1.01104,-0.40687,-3.94858,-1.39183,-1.24428,0.33332,2.49890,2.11601,1
1.53190,4.32473,2.49883,-2.60953,-1.96404,1.87990,-0.81145,-0.29623,0.44261,1.65558,-1.89434,1
-2.13169,-1.79298,7.37205,-0.21242,-0.86767,-9.20695,2.45824,1.40907,1.80471,2.33005,2.58575,1
-2.93005,-2.62650,1.23471,2.17177,2.00500,-4.58990,4.22934,5.29378,-0.00380,-0.98050,0.70814,0
-2.23965,0.93947,2.93027,1.79056,-2.52976,-0.52432,-2.63408,-4.88323,2.12398,1.55251,-2.33805,1
2.75188,-0.40569,-1.97969,0.04617,0.06540,0.74162,-0.02856,-3.57945,1.18006,1.58415,0.55247,1
0.65424,0.95103,-2.20756,0.40827,-2.37763,3.21321,-4.90591,-6.91375,2.33419,-1.93316,-1.00650,1
2.31624,-1.71917,0.44519,-1.15077,0.31217,-0.35853,-1.69430,-3.51160,2.87423,-0.54058,0.02068,1
2.93926,1.15542,-3.04536,1.34222,0.23891,2.88555,-0.52567,-6.67828,2.93012,3.60778,-0.51088,1
-0.23247,0.29301,-0.37283,0.73449,-1.25824,2.65297,-4.39517,-6.83684,4.39434,-0.83297,-3.36948,1
1.54226,0.05695,1.46119,-0.58242,-0.39809,-1.93953,-0.00150,-3.12673,2.49992,2.17777,1.12499,1
2.80405,-1.48878,-0.72837,-0.76349,-0.05312,-0.65110,-0.73722,-5.52901,2.80145,2.93250,-0.26044,1
0.14848,1.40181,-1.89746,0.60953,-3.13304,-4.16786,3.67551,0.54470,3.64826,-2.76284,-0.45335,1
0.43199,1.51493,0.23153,-0.38477,-1.74960,-4.16520,3.43491,0.67519,3.18876,0.05033,0.37662,1
1.80303,2.40192,3.23189,-1.14709,-1.39472,-2.22572,2.23985,2.11840,2.01445,-1.25056,0.24717,1
-0.68969,1.52159,-1.45428,0.36158,-1.67829,1.10697,-0.42570,-0.74640,0.23194,-0.75580,-1.60108,0
1.67218,1.21145,-0.95200,0.49280,-0.40909,1.16035,0.01520,-3.28298,1.72583,1.95735,-0.50065,1
1.75265,-0.90741,1.30641,-1.69867,0.00617,-1.33990,1.76288,1.50554,-0.31930,1.26657,-1.59900,1
-3.24664,-0.41015,0.54991,-2.47498,0.91276,-1.46937,-1.71306,1.50245,-1.64886,1.76286,2.17127,1
0.75560,-0.02782,-0.25286,-0.55441,-1.60044,1.48672,-3.37352,-5.27768,2.76946,-0.44536,-2.38694,1
-1.13774,3.24345,-3.12051,2.77885,-3.93224,3.19986,-3.34070,-6.63058,-0.10382,0.47088,-0.30760,1
-1.60788,3.72052,-3.10041,3.88796,-3.60487,3.84020,-0.11707,-3.24207,-2.85339,2.93280,-3.09068,1
-0.89323,0.29908,4.76675,-1.70975,-2.26262,-6.62763,1.36970,0.29821,2.11238,1.38934,1.42399,1
-0.79590,-2.21836,-1.50542,-2.23027,3.50133,-2.32472,1.35398,3.32280,1.18675,-0.58833,2.81974,0
-0.68821,-0.10450,1.87730,-1.14667,-1.09664,-6.68759,2.44262,-0.75732,3.81422,2.09640,2.08171,1
1.71753,0.79085,-2.04557,1.84928,1.30174,5.65636,-4.10840,-8.21692,2.57834,2.80144,-0.67205,0
-0.80188,-0.12637,2.47853,1.46730,-0.82082,-0.65380,0.13450,-0.45093,0.23995,0.46733,-1.86830,1
-2.71592,0.49499,-2.75958,-1.42861,0.91091,-1.20275,0.83820,3.75057,-1.19006,-0.96395,2.69471,1
-3.25048,-1.33915,-1.42642,-4.01718,2.24684,-2.85803,-1.81450,1.35948,-1.52891,2.54356,5.74187,1
-0.90356,-1.26962,5.78494,-0.04154,-0.83051,-9.20093,2.69476,-1.82906,3.31613,4.95392,3.56612,1
1.87764,-0.10140,-1.04500,-0.49167,-1.88158,-1.33554,1.15520,-1.36488,-2.17659,2.59788,1.04611,1
0.01473,0.73443,-0.44517,1.71468,-0.49493,5.68372,-2.93076,-2.51927,1.02463,-2.10401,-5.88772,1
-2.81193,0.31565,3.11386,-3.08282,0.54025,-1.42311,-2.33632,2.51212,-1.95586,0.68383,2.40025,1
0.37496,3.15473,-1.29849,-0.65687,-0.33393,0.47999,2.36873,2.28391,0.96746,-0.06387,-0.29636,1
0.17484,1.05379,2.91872,-2.29656,-1.45240,-5.56203,1.97640,-0.68812,2.92893,3.33658,1.45497,1
0.93781,0.33796,-1.12319,0.28825,-1.45230,0.27415,-1.60747,-4.39434,1.33719,0.64501,0.51902,1
0.15470,3.50832,-2.20492,2.81105,-1.73256,5.79931,-1.83255,-4.45801,0.51894,1.07316,-3.80156,1
2.06272,1.01310,-2.36022,-0.49884,-1.07784,3.73007,-1.88143,-4.01310,1.33310,0.44478,-3.24598,1
-2.72938,-0.79836,1.39590,-0.62133,-2.07642,-4.81629,0.25121,1.50280,0.57375,-2.20197,1.04109,1
0.68289,2.43005,-2.90518,2.54941,-1.83608,3.55130,-1.99071,-4.20559,-0.31906,-0.83159,1.02915,1
1.40768,0.85514,-0.41353,0.03618,-0.22813,2.52342,-2.79624,-3.78885,2.81881,-1.75634,-0.39684,1
-0.97138,1.78960,-0.43353,2.25967,-1.91140,2.66600,-1.95814,-3.31051,0.41012,-0.13602,-2.29184,1
0.07758,3.82627,1.08438,-0.84702,-0.81950,1.63995,0.83489,1.12182,0.39891,1.64017,-1.93495,1
-0.53464,2.69461,-0.52217,1.71987,-2.64104,2.03802,-1.46417,-3.62820,-0.15517,1.34411,-1.32165,1
0.77393,-1.09051,-0.88555,1.11081,-1.38472,-0.37504,-1.29672,-4.67456,0.52717,1.28640,0.12575,1
2.59407,-2.17327,0.13226,-2.16921,0.05128,-0.56676,-0.34405,-1.57382,0.98716,0.63612,-1.69227,1
-3.82762,-0.56283,0.14536,-0.35699,-1.14817,-2.42165,-1.09263,0.72696,-0.53386,-0.67043,0.45370,1
0.19157,2.91114,-2.40989,4.43804,-1.48940,2.48323,-0.30835,-6.54863,0.74503,4.07239,0.76644,1
-0.20245,2.53999,-0.92668,-0.01637,-0.26415,1.32073,0.88276,1.23467,0.40275,-0.26199,-0.47017,1
1.16290,0.77807,3.26323,-1.39637,-2.04655,-5.34936,1.90707,-1.55262,3.47277,2.05541,0.93839,1
-1.17372,0.47640,1.84465,-0.23781,-3.72391,-1.40877,-3.14428,-5.55139,1.35459,1.68907,-1.65058,1
-0.31247,0.48568,4.17498,-1.15485,-1.91728,-4.32717,-0.28220,-2.73113,2.72587,2.71033,0.52607,1
0.01317,2.24831,0.90469,1.21002,-0.97419,0.77505,0.67667,0.54887,0.69388,-1.08172,-0.72416,1
-1.98528,0.24981,3.01801,2.21682,-1.51200,-6.35123,4.98039,3.44107,1.70497,-0.53358,0.26582,1
0.35787,-4.06591,3.70683,-1.37994,2.62051,-4.17172,0.59088,1.98714,-2.09694,2.16976,4.08473,0
-0.54450,1.96904,3.84276,0.81014,-0.38260,-1.89928,2.27841,2.68164,-0.21627,0.96873,0.65768,1
-0.64967,4.87674,-0.21866,0.28001,-2.35767,3.94301,-0.38448,0.26220,-0.59756,0.38853,-3.80108,1
0.18864,1.30568,-1.71313,-1.39599,-1.04395,-3.02888,2.48682,0.64275,2.27502,0.30852,1.15976,1
-0.63444,2.71816,0.11492,2.68867,-1.38913,0.98638,0.35098,-1.53111,-0.21255,1.05691,0.57099,1
0.28566,1.51802,2.02629,-1.81729,-3.07038,-6.46166,3.44722,0.81301,2.99527,0.83840,0.65650,1
-1.79893,1.51756,-2.17619,-0.90354,-0.99099,-1.37767,0.80616,0.34428,0.87122,0.70716,0.45505,1
-0.07601,3.51163,-1.76729,-2.56210,-1.83874,0.47804,0.66817,2.18741,-0.64815,-0.48609,0.16223,1
2.38588,-0.63184,-1.95889,-1.34575,-1.80609,0.53106,-2.02850,-3.83987,0.05194,-0.39791,0.48408,1
-0.48061,2.30748,0.05838,1.84059,-1.83148,1.04898,-0.99250,-2.50511,0.48015,-0.01187,0.31071,1
1.05216,3.89883,-0.37757,-1.39063,-1.37904,1.56019,0.86031,0.42714,0.67743,1.05562,-1.30533,1
-1.69368,0.31729,2.18698,-2.85158,-1.51854,-6.24138,2.44605,3.78294,0.50669,0.08224,1.81308,1
1.61221,-1.35380,2.00802,-0.56491,-0.58231,-2.70412,-1.75791,-6.05599,3.90113,2.20353,1.45153,1
1.36209,1.86809,2.15335,0.71938,-2.25658,-3.44434,2.90221,-1.38733,3.22452,1.52666,-0.42299,1
-3.06688,0.00479,-0.40463,-1.44157,0.41302,-1.17945,-0.98354,2.05773,-1.62760,0.11627,2.13704,1
0.25035,1.66330,-0.50096,-5.55447,-0.84364,-2.14157,-0.78606,0.78663,0.70242,1.07007,2.46350,1
-0.58235,-1.65259,0.29440,0.04540,-2.62609,-7.91964,2.78391,-0.96935,4.30695,-1.60809,1.53478,1
1.08714,0.09966,-0.51170,0.30448,-0.67944,1.49678,-1.24933,-4.03127,2.09520,1.29759,-2.57993,1
3.43223,-0.20796,-1.22366,-1.41516,0.25082,1.33935,-0.29332,-2.50487,1.41633,0.86628,-0.58482,1
-0.69145,0.61709,2.77600,1.20785,-0.47181,-5.90463,4.49503,1.25070,2.51778,2.42076,1.69681,1
-1.61286,-0.43849,3.27472,-1.15067,0.08855,-5.45124,2.17410,4.40344,-0.11387,-1.00500,3.43785,1
-0.38100,0.25284,2.86010,-5.33840,-2.11766,-3.82751,-3.44676,-3.93907,1.52366,3.85534,1.90860,1
0.84061,1.48178,-2.15114,-3.81458,-5.74256,-5.35626,1.54935,-1.59338,4.87833,-2.37506,-2.47412,1
1.72509,-1.07180,1.08591,-0.94190,-1.29457,-3.60850,-0.02755,-4.00450,1.26894,3.13047,2.31884,1
-2.51055,0.09456,0.42779,-1.35501,-0.49310,-2.10682,-1.28771,-0.53725,0.11877,1.34542,1.58103,1
-2.15867,-1.29449,-1.38753,-2.81831,-1.81329,-6.01790,0.46560,-0.03916,0.98482,0.47234,2.59757,1
0.84947,-1.27565,0.46044,-0.89387,-1.34008,-1.57564,-1.16979,-2.39267,0.77559,-0.19630,0.11938,1
-0.68093,4.08861,0.33300,3.28338,-0.52612,4.18957,-0.67840,-2.17511,1.84471,0.21490,-2.19059,1
-0.85527,-0.14570,1.85518,2.74609,0.19625,1.12702,0.68268,-1.18140,1.01521,1.88881,-4.37106,1
3.76368,-1.21666,-1.41469,-0.52624,1.10009,1.14170,-0.15002,-4.25070,2.70459,1.98892,-0.74109,1
0.71425,-0.01074,-0.61228,1.08277,-0.60736,1.78630,-0.95681,-3.04371,0.57080,1.01882,-2.11035,1
1.11296,1.43196,5.09258,-1.55519,-2.33663,-4.53473,1.68819,-0.13458,2.47674,1.55463,-0.24569,1
1.53900,3.10764,-1.62320,0.58367,-1.53534,1.50602,-0.00837,-3.70795,1.09987,2.50015,0.61651,1
0.92287,3.39234,-0.85729,2.26362,-0.99031,1.42226,1.46428,-1.64759,-0.41832,2.58361,1.30908,1
-0.25597,0.53751,3.20999,2.27584,-1.70018,-5.88415,4.75762,2.20718,2.54643,-1.06469,0.76842,1
0.97854,2.91730,2.14936,0.16625,-0.20238,1.81864,0.94683,2.18897,0.32425,-1.00365,-1.29219,1
-1.84479,2.47407,0.10295,-0.50729,2.08286,0.56977,2.20649,5.82507,-2.59460,0.98478,2.46188,1
2.57246,-0.20955,-2.99022,0.23316,0.54967,4.49969,-2.77679,-4.21670,2.64071,-2.43158,-1.76751,1
-3.21920,-1.16044,0.79105,0.56915,-0.07957,-4.86586,1.53920,1.27457,0.51902,0.87264,2.11156,1
-0.34131,0.90604,0.95714,-2.11301,-0.32857,-3.64953,1.27203,-0.34516,1.55965,3.34969,2.09360,1
3.55638,-2.42468,-1.07676,-3.00622,-0.99830,-1.55190,-1.49013,-1.91349,-0.27848,-1.82816,2.48175,1
-2.36590,0.14942,-1.17919,-0.09074,-2.57448,-3.96840,1.58808,1.21966,0.92824,-1.69758,-0.15048,1
-0.33393,0.87134,0.25903,0.87852,-2.36649,1.15697,-2.77591,-5.40914,1.68695,1.04531,-2.21655,1
1.20243,-1.51320,-0.22467,0.21905,-0.55902,0.37749,-2.21631,-5.01046,2.47855,0.26904,-1.34244,1
-0.58471,2.36134,-4.49913,3.05257,-3.15521,6.39415,-4.03285,-5.47268,-1.30742,-1.69956,-2.96077,1
1.86268,-1.48324,-0.59553,-0.75948,-1.88402,-3.09447,-2.02121,-7.87233,2.77349,3.15624,2.67781,1
1.00715,1.80649,0.39682,2.36783,1.10786,3.77556,-1.09894,-2.24740,1.50417,-0.15541,-0.29880,0
-1.32951,1.80929,0.29996,-3.12798,-0.63174,-1.63242,-0.83011,-0.95856,0.95252,3.45874,1.13150,1
0.58013,2.24463,-3.72049,3.98501,-0.25208,6.24713,0.06517,-1.84740,-1.39554,0.23362,-3.16993,1
0.37906,1.63956,1.95307,-2.15130,-0.24620,-3.06612,2.59810,4.20966,0.39107,-0.67798,2.02921,1
-0.24435,3.62756,-2.86229,2.65029,-2.55201,7.61410,-4.89663,-5.97870,0.92588,-2.11505,-3.91634,1
2.18991,2.94889,6.24726,1.77233,-1.94397,-3.91490,3.57168,-3.18061,4.59434,5.33170,-1.09033,1
0.37289,2.18353,1.22877,1.92835,-0.12503,0.46924,2.40566,0.43767,-0.38009,2.84749,-0.66222,1
-1.17725,-1.26210,2.36634,-1.32768,-1.09312,-7.37410,1.93211,0.99356,1.47087,0.51817,3.79496,1
-0.94156,1.28630,1.32119,0.43254,-1.94337,-1.91823,0.39973,-1.76275,2.38429,0.97404,-1.33814,1
0.33054,2.28640,-0.60847,-0.32812,-1.76999,0.06149,0.79141,-0.13565,1.34406,-0.53511,-1.20728,1
2.06059,-1.45231,0.06551,-0.58877,-0.96636,-1.56564,-0.09224,-2.53840,-0.24873,1.48877,0.91524,1
0.94454,-0.79550,0.88690,-0.35494,-0.80256,-3.24452,0.83635,-4.83580,2.76947,5.51527,-0.36958,1
1.25329,2.59716,0.33243,0.45634,-0.33495,0.64287,2.19837,-0.75075,0.73516,3.86627,-1.22104,1
-0.68319,-0.73916,0.80694,0.92362,-0.89829,-6.46268,3.33596,0.14994,2.99990,0.07765,2.87295,1
2.45917,2.48182,-2.18151,0.02715,-0.30992,3.03706,-0.23742,-3.97622,2.22675,2.42791,-1.22751,1
0.43390,2.14747,0.13368,-4.16814,-1.52472,-0.05852,-2.31032,-1.65420,0.44167,1.71037,0.93097,1
0.23279,3.65878,0.51246,0.21208,-0.98310,1.33336,2.63951,4.06521,-0.95678,-0.82890,-1.63544,1
0.75092,0.87972,-0.45451,0.27500,-1.90540,0.60084,0.11944,-0.34868,-2.09284,0.33743,-0.39581,1
-0.26994,4.16400,-2.06979,3.74626,-2.63883,3.46096,1.36089,-0.83240,-3.92785,2.56085,-0.75653,1
0.22345,-0.50423,0.41955,3.87677,1.08628,3.27099,-0.21602,-1.40599,-0.24696,-0.02579,-2.43161,0
-0.71315,2.82553,-0.91057,-2.26647,-2.65178,-0.37078,0.59798,1.69129,-0.24511,-0.41151,-1.61189,1
0.21092,1.26277,-1.97432,2.06587,-0.45238,5.77444,-1.95345,-2.71460,0.93896,-1.11191,-5.41919,1
-1.43117,2.61482,-0.64187,-4.20233,-0.09388,1.50076,-1.38820,3.66791,-2.50543,-0.03851,0.82371,1
-1.43694,-2.22877,4.06790,-1.44540,0.03656,-9.89894,2.69658,0.65101,3.39555,1.86269,5.04526,1
-3.35328,-0.68660,2.10242,-2.76428,1.21725,-3.12113,-2.58937,-2.20527,0.01217,5.89694,3.49340,1
-1.45998,0.79253,-0.03758,-0.92919,-1.52502,-4.54027,1.87305,-0.59442,2.09571,2.37609,1.07928,1
-1.61641,2.87600,-1.10799,-2.81102,-1.07387,1.75548,-2.02762,-0.64152,-0.51278,2.30861,-0.93160,1
-3.01429,-0.60279,-1.48738,-1.37188,-0.17678,-2.26296,-1.23272,0.91317,-0.86280,-0.78908,3.16582,1
3.06654,0.35593,-0.09836,-1.35060,0.12006,-0.00522,-0.32583,-2.62913,1.98753,0.88575,1.43892,1
-0.39644,2.38916,-0.19034,2.01970,-1.21184,3.94612,-1.54543,-1.99700,0.43350,-0.62023,-3.16199,1
1.46158,2.09731,2.50255,-2.86289,-3.10304,-3.95613,0.78490,-2.19933,3.11781,2.34081,-0.07060,1
-2.38616,1.22193,2.35373,0.70054,0.42292,-1.27646,1.03551,1.95514,-0.35060,1.75620,0.40437,1
1.85127,0.89417,-2.53162,2.17244,0.25749,4.22965,-1.67180,-5.20846,2.24980,0.38683,-1.46598,1
0.53110,1.83617,-1.86230,-4.69923,-0.42646,-0.41593,-1.04479,0.27955,0.31906,0.83917,2.30480,1
-0.81641,0.24691,2.15644,-0.22496,-1.47056,-4.79654,1.89013,0.59000,1.41392,0.58033,1.55343,1
2.85701,1.14689,0.05198,-1.94536,-2.08028,-2.26155,0.09269,-0.69405,-1.84369,0.10515,5.57594,1
1.12985,2.26364,-2.64926,1.74314,-0.15453,5.29652,0.20259,-1.66023,0.04410,1.23793,-4.33840,1
-0.78973,2.48318,-2.86197,-0.53764,-1.32494,-0.01276,1.32958,1.19220,0.42924,-0.65894,0.08205,1
1.92373,-2.00907,1.27051,-1.63081,0.12025,0.51353,0.02808,1.09536,-0.80311,-0.52334,-3.35104,1
0.00234,1.75988,2.09158,0.45408,-1.20777,-0.43875,1.78621,1.15668,-1.08968,2.28019,-1.55062,1
-1.28932,1.41034,0.63955,-1.29258,-1.60793,-1.42292,-0.79916,-0.48657,0.33754,0.58673,0.70357,1
-1.91721,0.73900,-2.04317,-1.63037,-1.47878,-1.10028,-0.10084,2.10368,-0.27878,-2.48217,0.10561,1
-2.75714,-3.43282,-0.52154,0.18018,-1.97729,-9.78824,1.87204,-1.58729,3.33830,-0.61650,4.15255,1
0.57942,1.44964,1.51806,-0.94935,-1.46284,-4.86799,4.65835,5.06692,0.32705,-1.67660,1.98937,1
1.65542,-0.72939,-2.21861,-0.51708,-1.86060,-0.06568,-3.06968,-7.63098,2.63550,1.30462,0.65193,1
0.83076,2.42538,-1.32299,-0.48083,-5.17289,-2.09877,-1.68571,-6.45939,-1.46753,3.97196,3.62744,1
-0.46985,0.99653,0.66754,-2.16943,-0.56771,-3.33472,1.38383,0.94947,1.38283,1.46319,1.57895,1
1.49765,-0.55601,1.68917,0.59453,1.59766,0.86051,-0.95921,-3.68261,4.77112,0.76893,-1.73517,1
4.31089,-3.49900,2.19096,-2.89772,2.37915,-2.38897,-0.74257,-3.59377,5.12324,0.85967,0.92045,1
-0.60975,-0.98222,3.77078,-3.07576,-3.27237,-7.26806,-0.51930,-1.91575,2.70813,0.55572,1.49295,1
-0.00330,4.98510,-1.90912,2.59738,-1.84263,3.58638,1.42626,-1.46315,-0.80730,3.05504,-1.82345,1
-0.43552,1.31682,-2.34788,1.67822,-4.20355,2.72854,-3.75101,-6.93342,-0.95335,1.18538,-2.19660,1
-1.08362,1.29400,-0.96408,2.21072,-2.24116,3.52413,-2.70394,-2.92053,-0.40124,-1.65699,-3.10645,1
1.08293,-0.34542,-1.96155,1.65017,-0.90328,2.88140,-3.81840,-7.59302,2.98756,-0.20962,-1.23454,1
-1.18879,-0.08668,1.59662,1.76961,-0.20072,-4.52269,3.47249,1.58889,1.00979,0.98973,1.88401,1
0.71399,1.02172,-1.18504,-0.60988,-1.75300,-3.64477,3.58759,2.42311,2.17293,-2.53391,0.63109,1
-0.66330,2.27401,-1.12511,1.45932,-2.65809,4.66714,-1.91984,-1.85211,-1.57496,-0.28399,-5.19249,1
0.72315,4.80005,-3.71827,2.13812,-2.97106,3.91557,1.39520,-1.04339,-3.72599,2.80697,-0.75615,1
2.51950,-3.24524,0.62661,-1.64687,0.91185,-2.55614,-0.37505,-4.64160,4.18641,2.52304,-0.73737,1
2.92153,-4.80825,2.88284,-1.64440,2.42161,-2.76440,-1.31152,-3.63681,5.01808,-0.11255,0.06140,1
-1.38995,5.19920,-1.14975,3.82512,-1.65757,4.91740,-1.28064,-3.56084,1.32753,0.82827,-2.04760,1
-3.42601,-0.58824,0.46090,-1.52053,0.85271,-3.37334,-0.18996,2.03030,-0.77915,1.16571,3.46733,1
0.50413,1.84701,3.99858,0.57462,-0.80899,-4.19847,3.56041,-0.39414,2.25978,4.67892,0.57286,1
-2.05303,0.98257,0.68975,-1.45676,-1.01366,-3.70317,0.59406,-0.75288,0.91073,3.57328,1.69140,1
1.90915,-1.83603,0.36155,0.07405,0.62130,-1.74845,-3.19693,-8.91756,6.92631,1.08447,2.39305,1
-0.32170,1.15199,0.62525,0.82147,-2.33091,0.23117,-0.81377,-2.26001,-0.68159,1.29325,-1.13326,1
1.24254,0.99699,-1.91410,2.28635,-0.52169,2.26381,-1.33950,-5.78466,1.75655,1.86385,0.18466,1
-0.59790,2.40838,-3.41877,2.86510,-3.11486,5.94611,-4.77644,-6.76687,0.18590,-1.45971,-2.84580,1
0.21358,1.04364,-0.24199,2.75902,-0.96713,1.11235,0.66854,-1.39766,-1.46540,1.44438,-0.04515,1
0.35150,0.97394,0.27572,0.72456,-1.28847,1.28611,0.04709,-1.46992,-0.42641,1.79743,-2.67300,1
4.59057,-0.88514,-0.36522,-2.09944,2.55784,1.14421,-0.01017,-0.99700,3.68257,-1.52898,0.90872,1
2.91959,-2.14676,-1.13666,-1.01720,0.03214,-0.11100,0.38446,0.13894,-1.50546,-0.99238,0.54234,1
-1.16010,-0.25833,0.36945,-4.36515,-0.90162,-5.77480,0.12641,-0.93500,3.02240,2.39928,2.41250,1
1.58341,-0.01203,-0.98611,-1.95437,-3.49686,-2.46023,0.07319,-3.70128,-1.26198,4.13851,0.02426,1
-0.19444,0.16959,0.80010,2.53622,0.49409,1.66253,-1.05094,-2.83241,2.49496,-0.33975,-1.54889,1
-1.92606,-1.11651,1.36947,-1.58757,-0.78485,-6.90632,1.63019,0.11556,2.09516,1.84901,2.93275,1
-2.15515,2.98482,-0.47621,-0.89796,-0.79293,-0.51619,1.54442,3.26057,-1.81857,1.44796,0.80543,1
0.48905,3.83676,1.36964,1.73635,-1.29520,-1.29877,4.54042,0.94200,1.89591,3.00163,-1.52789,1
-2.12536,4.73404,-2.12273,5.16626,-2.63399,7.33195,-1.00936,-3.50631,-1.44927,2.50779,-6.99093,1
1.14084,3.47617,-5.40709,3.88826,-1.30749,7.12876,-3.23025,-7.81063,1.74710,0.02688,-0.94853,1
-2.78515,0.21133,4.10675,0.66736,-1.64327,-4.79106,1.27795,0.48516,0.58503,2.19263,0.04510,1
-2.95296,-0.49525,2.25105,0.81252,-0.43927,-5.07674,2.03122,1.42946,1.20279,1.03360,1.21847,1
0.46300,1.60327,0.11502,-0.76036,-1.65091,-2.89653,2.34569,1.41191,1.37448,-0.81256,1.13397,1
-0.40710,1.11331,2.55728,-1.73248,-0.63399,-1.51121,-0.72423,-0.10195,0.11128,1.61116,1.23961,1
1.19027,0.68627,0.69001,-1.03400,-0.74824,0.09385,-1.91941,-3.66504,3.28568,-0.08505,-0.17667,1
3.89756,0.11331,-4.03211,-1.35532,-1.20479,3.64687,-4.84994,-6.47989,2.16891,-3.76325,2.05720,1
-2.99317,1.61789,1.56779,-2.02079,-1.42577,-1.20039,-0.82803,1.65161,-0.89083,1.15534,-0.92753,1
1.11661,-0.55829,-2.07615,-0.24688,-3.01061,0.21709,-5.36994,-8.11420,1.99824,-2.12573,2.67899,1
0.42012,4.36533,-0.32106,-1.33767,-2.01602,4.00862,-1.29085,-0.19120,-0.03894,-0.12146,-3.25900,1
0.22341,1.04020,0.19062,0.82069,-1.74663,2.12984,-2.03758,-4.90888,1.74663,1.93366,-3.74112,1
-1.87097,2.69621,0.08663,2.08030,-4.12458,2.16497,-2.22243,-2.42250,-2.36255,-0.11719,-2.18373,1
-1.55783,0.81339,-2.81956,2.29099,-3.99403,3.89668,-5.84741,-8.42437,0.96999,-1.19148,-3.30059,1
1.85525,2.70559,-2.94868,-1.37072,-4.40034,0.22424,-2.13314,-6.80558,0.01266,3.15825,1.49912,1
0.72405,1.56729,-1.22926,1.99746,-1.59496,1.73173,-0.71866,-5.07127,0.59090,3.12743,-0.96496,1
-2.38978,0.03682,1.26801,1.66990,0.07331,-3.79262,2.65485,2.56872,0.81395,-0.48057,1.68494,1
-1.71922,0.37962,3.62141,1.84021,0.18898,-2.40453,1.30789,-0.42829,1.53458,2.78378,-0.38351,1
-0.48320,0.31209,3.49280,0.06353,-1.08057,-5.34330,1.91956,-1.95454,4.00287,3.03431,0.50648,1
0.93877,0.57778,0.42651,0.65150,0.14508,1.34709,0.13621,-0.61192,0.91050,-0.06709,-1.45784,1
1.79732,3.53736,0.56998,-0.42651,-1.68797,-1.64278,0.94775,-2.83469,1.16170,3.51914,4.01282,1
-0.18632,1.65722,-0.18363,0.59859,-3.51414,0.42104,-1.08850,-3.30129,-1.51731,2.25608,-1.35987,1
-1.56852,3.73242,1.33496,1.61459,-3.30844,-1.61706,0.47326,-3.01333,0.21802,3.99408,0.79980,1
3.03379,-0.88228,-1.70591,-1.20614,-0.13834,-1.39946,0.47503,-3.74023,1.77128,2.46923,1.68185,1
1.61152,-2.13365,2.25934,-1.21113,-0.09032,-3.30033,-0.61157,-2.46056,2.28984,0.36009,1.64929,1
1.61160,-0.37319,2.14289,-1.67976,-1.88544,-7.82149,3.74857,-0.44445,4.97494,0.46130,1.82512,1
