,A1,A2,A3,A4,A5,A6,A7,A8,A9,Class
0,49,0,79,0,46,-5,30,32,2,0
1,41,1,86,3,42,6,45,45,0,0
2,50,-4,83,0,50,0,33,34,2,0
3,48,1,81,-1,46,0,33,34,2,0
4,45,0,86,0,44,-10,41,42,2,0
5,37,0,79,0,26,-4,42,53,12,0
6,37,0,81,0,38,7,43,42,0,0
7,43,0,81,0,42,-10,37,39,2,0
8,43,0,77,10,42,-34,34,36,2,0
9,44,0,79,-2,44,0,35,35,0,0
10,44,4,82,-7,44,1,38,38,0,0
11,37,0,76,0,34,13,39,42,4,0
12,62,0,109,0,62,23,48,47,0,0
13,49,-4,107,-1,50,0,58,58,0,0
14,41,1,108,0,42,10,66,66,0,0
15,43,0,86,0,44,21,43,42,0,0
16,45,-4,81,1,44,-21,36,37,2,0
17,37,0,104,-2,16,-14,67,89,22,0
18,49,-1,86,0,50,4,37,37,0,0
19,66,0,109,0,68,4,43,42,0,0
20,37,2,97,0,34,-2,60,64,4,0
21,56,0,89,0,56,0,33,32,0,0
22,50,0,110,1,50,0,60,61,2,0
23,37,0,81,5,34,1,43,47,4,0
24,44,1,86,0,44,22,42,42,0,0
25,37,0,78,-4,28,0,41,50,8,0
26,57,0,82,5,56,0,25,25,0,0
27,56,0,95,0,54,1,39,41,2,0
28,37,0,106,0,24,-2,69,83,14,0
29,54,1,82,0,54,0,28,28,0,0
30,37,0,106,0,24,-13,68,82,14,0
31,37,0,76,0,34,19,39,43,4,0
32,37,0,95,0,10,14,58,84,26,0
33,37,0,77,0,38,4,39,38,0,0
34,45,0,106,0,46,14,61,60,0,0
35,48,0,95,0,46,0,47,49,2,0
36,54,-2,78,-1,54,0,24,24,0,0
37,45,0,93,0,44,-4,48,50,2,0
38,53,1,78,0,52,-7,25,26,2,0
39,49,0,88,1,50,19,40,39,0,0
40,49,0,88,0,46,-6,39,41,2,0
41,43,0,81,-5,42,-1,37,39,2,0
42,51,-2,87,0,50,-13,36,38,2,0
43,56,4,91,0,56,6,35,34,0,0
44,37,0,104,-1,16,-5,67,88,22,0
45,37,0,78,0,2,11,42,75,34,0
46,41,0,88,0,42,1,47,47,0,0
47,44,1,108,0,44,3,64,64,0,0
48,37,0,100,0,30,-3,64,69,6,0
49,46,4,87,0,44,-19,41,43,2,0
50,42,-1,87,0,42,0,45,46,2,0
51,37,0,83,0,0,3,46,83,36,0
52,46,0,81,1,46,8,35,35,0,0
53,44,2,88,0,44,12,44,44,0,0
54,41,3,76,0,42,13,35,35,0,0
55,37,0,81,3,34,1,43,47,4,0
56,37,0,82,-3,8,0,45,74,30,0
57,44,0,86,-1,44,8,42,42,0,0
58,37,0,80,0,10,29,43,70,26,0
59,44,3,77,0,44,23,33,33,0,0
60,38,1,76,0,38,11,38,37,0,0
61,50,0,78,-6,50,0,29,29,0,0
62,46,0,100,0,44,-11,54,56,2,0
63,40,0,80,0,38,2,40,41,2,0
64,47,5,84,0,46,0,37,38,0,0
65,43,5,90,0,42,0,47,49,2,0
66,43,0,78,0,42,-1,35,37,2,0
67,45,0,81,0,46,5,36,35,0,0
68,37,0,77,7,16,7,40,61,22,0
69,45,0,86,7,44,0,42,42,0,0
70,41,-1,76,0,38,-14,35,37,2,0
71,45,1,76,-2,44,-4,31,32,0,0
72,41,0,84,2,38,-4,43,45,2,0
73,56,0,86,0,54,-30,30,32,2,0
74,37,0,77,-1,20,-4,40,56,16,0
75,44,0,82,-5,44,-1,38,38,0,0
76,39,-5,76,-1,-2,0,37,79,42,0
77,38,0,82,0,38,11,44,43,0,0
78,39,0,106,6,38,0,68,67,0,0
79,42,-3,86,0,42,0,45,45,0,0
80,44,-2,86,0,44,0,42,42,0,0
81,37,0,100,0,30,-11,64,69,6,0
82,48,-4,84,0,46,-1,36,38,2,0
83,57,0,88,0,56,0,31,31,0,0
84,47,0,88,-2,46,0,40,41,0,0
85,37,0,83,0,8,14,46,75,30,0
86,39,-1,78,-5,38,0,39,39,0,0
87,37,-1,79,-3,20,-7,42,58,16,0
88,37,0,104,0,18,21,67,86,18,0
89,44,0,85,0,44,16,41,41,0,0
90,38,-5,97,0,38,0,59,59,0,0
91,41,0,77,0,38,-1,37,39,2,0
92,45,0,88,0,44,-6,42,44,2,0
93,53,0,108,0,52,-7,55,56,2,0
94,51,4,79,0,52,14,27,27,0,0
95,39,0,76,-2,38,0,36,37,0,0
96,36,-5,81,0,36,0,45,45,0,0
97,56,1,86,0,54,-8,31,32,2,0
98,51,1,88,0,50,-7,36,39,2,0
99,58,2,86,0,56,0,28,29,2,0
100,46,1,86,0,44,-12,41,42,2,0
101,39,-1,79,-3,38,0,40,41,0,0
102,37,0,106,0,34,-1,69,72,4,0
103,44,-8,88,0,44,0,44,44,0,0
104,43,0,77,-2,42,0,34,35,2,0
105,40,4,90,0,38,0,49,51,2,0
106,37,0,83,0,8,19,47,75,28,0
107,45,0,81,0,46,19,36,35,0,0
108,59,0,87,0,60,18,28,28,0,0
109,37,0,82,0,26,-15,45,56,10,0
110,37,0,83,0,30,24,46,52,6,0
111,56,-5,107,0,56,3,51,50,0,0
112,37,0,80,4,28,0,43,52,8,0
113,49,3,88,0,50,0,39,39,0,0
114,36,3,75,0,36,0,39,39,0,0
115,42,5,102,0,42,0,60,60,0,0
116,42,0,86,-5,42,0,45,45,0,0
117,43,0,108,0,42,-2,64,66,2,0
118,55,-3,90,0,54,-12,34,35,2,0
119,44,0,75,-1,44,9,31,31,0,0
120,41,0,86,3,42,20,46,45,0,0
121,37,0,76,0,20,17,40,55,16,0
122,37,-54,106,-2,36,0,69,69,0,0
123,48,5,88,0,46,0,40,41,2,0
124,48,-3,80,0,46,-5,32,34,2,0
125,51,-4,84,0,50,-4,34,35,2,0
126,37,0,80,0,36,5,43,44,0,0
127,53,0,104,1,54,4,51,49,0,0
128,38,1,92,0,28,20,54,64,10,0
129,37,0,76,1,26,0,40,50,10,0
130,37,0,78,0,16,11,41,63,22,0
131,37,0,77,0,38,17,39,38,0,0
132,45,-1,77,-5,44,-8,32,33,0,0
133,41,0,106,0,38,0,65,67,2,0
134,37,0,76,4,28,-6,40,48,8,0
135,48,0,87,8,46,0,39,41,2,0
136,45,2,79,0,46,29,33,32,0,0
137,37,0,95,0,28,29,58,67,8,0
138,37,0,77,0,26,0,41,52,10,0
139,37,4,81,0,36,-2,43,44,2,0
140,37,0,77,0,24,-16,40,54,14,0
141,42,2,77,8,42,0,35,36,0,0
142,46,0,91,5,46,0,45,44,0,0
143,37,0,76,-5,36,-15,39,40,2,0
144,37,0,77,0,6,-10,40,72,32,0
145,46,0,83,-1,44,-25,37,39,2,0
146,43,0,81,-1,42,-13,37,39,2,0
147,37,0,78,0,2,-13,41,75,34,0
148,37,0,77,6,36,-7,39,41,2,0
149,37,0,108,2,36,0,70,71,2,0
150,43,-1,77,0,42,0,34,35,2,0
151,45,0,87,2,44,-19,42,43,2,0
152,51,-2,77,0,50,-13,26,28,2,0
153,44,0,81,0,44,21,38,37,0,0
154,37,0,105,-4,16,-21,68,89,22,0
155,44,0,81,0,42,-18,38,40,2,0
156,37,0,105,0,30,-8,68,74,6,0
157,37,0,76,144,20,0,40,55,16,0
158,39,-2,79,0,38,0,40,41,0,0
159,47,5,82,0,46,0,35,35,0,0
160,43,0,79,4,42,0,37,38,2,0
161,42,2,86,0,42,0,44,45,0,0
162,49,0,82,0,46,-8,33,35,2,0
163,41,0,76,-2,38,0,35,37,2,0
164,37,0,76,0,26,0,39,50,10,0
165,37,0,77,0,0,0,41,77,36,0
166,49,1,80,0,50,21,31,31,0,0
167,37,0,84,0,26,9,47,58,10,0
168,41,0,77,0,42,10,36,35,0,0
169,44,0,84,0,44,4,40,41,0,0
170,37,0,76,0,26,17,40,50,10,0
171,56,0,80,0,54,-9,24,26,2,0
172,56,1,86,0,56,8,30,29,0,0
173,37,0,79,0,8,-12,43,72,28,0
174,37,3,98,0,34,6,61,64,4,0
175,46,0,83,-6,46,0,37,37,0,0
176,37,0,80,0,8,23,43,72,28,0
177,37,0,104,0,16,-16,67,89,22,0
178,43,0,83,0,44,30,40,39,0,0
179,41,-2,86,0,42,11,46,45,0,0
180,53,2,79,0,54,28,26,24,0,0
181,44,1,93,0,44,3,50,50,0,0
182,37,-1,106,-15,28,0,69,78,8,0
183,42,2,76,0,42,0,34,35,2,0
184,39,0,85,2,38,0,46,46,0,0
185,44,4,76,0,42,-14,32,34,2,0
186,52,-3,86,0,52,0,34,34,0,0
187,45,0,81,0,46,27,36,35,0,0
188,43,0,86,-3,42,0,42,44,2,0
189,37,0,79,0,8,8,42,71,28,0
190,43,-1,77,0,42,-4,34,35,2,0
191,41,1,84,0,38,-22,43,45,2,0
192,53,-2,83,0,52,-19,30,32,2,0
193,52,5,79,0,52,0,26,27,0,0
194,55,0,88,-2,54,0,34,34,0,0
195,37,0,77,0,26,-27,40,51,10,0
196,43,0,85,5,44,14,42,41,0,0
197,41,0,83,0,38,-21,42,44,2,0
198,40,1,102,0,38,0,62,63,2,0
199,44,2,83,5,44,12,40,39,0,0
200,41,0,89,0,38,-23,48,50,2,0
201,45,0,86,1,44,-3,41,42,2,0
202,37,-4,77,0,36,0,40,41,0,0
203,51,0,81,0,52,4,29,29,0,0
204,43,0,81,-4,44,30,37,37,0,0
205,43,0,86,-2,42,0,43,45,2,0
206,45,-5,81,0,44,-3,36,37,2,0
207,42,0,86,6,42,0,43,44,2,0
208,55,1,79,0,54,0,23,24,2,0
209,53,0,79,0,52,-11,26,27,2,0
210,46,1,81,0,44,-23,35,37,2,0
211,37,0,74,0,34,10,37,41,4,0
212,44,3,76,-1,44,1,32,32,0,0
213,45,0,84,1,46,22,39,38,0,0
214,37,0,75,0,18,-18,38,57,18,0
215,68,0,111,-4,68,0,43,44,0,0
216,37,0,104,6,18,0,66,86,20,0
217,37,0,104,-14,28,0,67,75,8,0
218,43,0,87,0,42,-10,44,46,2,0
219,52,0,88,0,54,31,35,33,0,0
220,45,0,79,0,44,-14,34,35,2,0
221,49,-2,78,0,50,12,29,29,0,0
222,47,4,82,-1,46,0,34,35,0,0
223,37,0,106,0,34,-7,69,72,4,0
224,42,4,78,-3,42,0,36,37,2,0
225,56,3,79,0,56,3,23,23,0,0
226,50,-1,102,0,50,0,52,53,0,0
227,41,3,86,0,42,6,45,44,0,0
228,42,-1,87,-5,42,-7,45,46,0,0
229,46,0,83,0,44,-19,37,39,2,0
230,47,5,82,-2,46,0,34,35,0,0
231,41,0,76,-4,38,0,35,37,2,0
232,36,0,80,0,36,0,44,44,0,0
233,46,0,109,0,46,0,63,63,0,0
234,37,0,77,5,20,-2,40,56,16,0
235,37,-27,106,0,34,28,69,72,4,0
236,49,0,77,0,46,-21,28,30,2,0
237,50,3,85,0,50,0,36,36,0,0
238,45,0,109,0,44,0,64,66,2,0
239,46,0,81,-5,46,0,35,34,0,0
240,37,0,78,0,-4,18,41,83,42,0
241,51,0,85,0,50,-28,34,36,2,0
242,38,-5,100,0,38,0,62,62,0,0
243,49,-4,100,-2,50,2,52,51,0,0
244,39,2,77,0,38,0,37,38,0,0
245,44,0,97,1,42,-23,53,55,2,0
246,53,0,88,0,54,0,35,34,0,0
247,44,3,107,0,44,1,63,63,0,0
248,56,-1,90,-1,54,-30,34,35,2,0
249,49,0,79,0,50,30,30,30,0,0
250,38,0,90,0,38,3,52,51,0,0
251,45,0,81,-2,44,-3,36,37,0,0
252,37,5,75,0,18,0,38,57,18,0
253,44,-21,88,0,44,0,44,44,0,0
254,37,0,80,0,20,-3,43,59,16,0
255,37,0,90,9,6,0,53,85,32,0
256,51,5,77,0,50,0,27,28,2,0
257,57,2,90,0,56,0,33,33,0,0
258,37,0,75,0,24,30,38,52,14,0
259,46,0,79,1,46,12,33,32,0,0
260,53,0,86,0,52,-6,33,35,2,0
261,53,0,103,0,52,-17,50,51,2,0
262,50,-5,84,0,50,0,33,35,2,0
263,43,0,89,0,42,-2,46,48,2,0
264,48,0,81,0,50,30,33,32,0,0
265,45,0,82,6,44,0,37,38,0,0
266,37,0,83,0,28,12,46,54,8,0
267,50,-3,77,0,50,0,28,28,0,0
268,48,0,77,0,46,-7,28,30,2,0
269,51,0,91,0,52,0,40,39,0,0
270,49,0,77,0,50,26,28,28,0,0
271,44,0,75,-1,44,10,31,31,0,0
272,56,2,97,0,54,3,40,42,2,0
273,37,0,105,0,30,-1,68,74,6,0
274,37,-1,78,-2,16,0,41,63,22,0
275,37,0,78,6,36,23,41,42,0,0
276,46,4,77,0,44,-8,32,34,2,0
277,37,0,76,4,28,0,39,48,8,0
278,56,0,95,0,54,2,40,41,2,0
279,39,3,80,5,38,0,41,41,0,0
280,37,0,78,0,6,12,41,73,32,0
281,50,3,84,0,50,0,34,35,2,0
282,55,0,83,-1,54,0,28,29,2,0
283,52,2,77,0,52,0,25,25,0,0
284,49,0,81,0,50,-4,32,32,0,0
285,51,0,102,0,52,11,51,50,0,0
286,44,3,87,-4,44,2,43,43,0,0
287,44,4,77,0,44,0,33,33,0,0
288,50,-1,87,0,50,0,37,38,2,0
289,37,0,75,0,20,9,38,54,16,0
290,50,3,78,-3,50,0,28,29,2,0
291,47,0,85,2,46,0,38,39,0,0
292,39,-4,97,0,38,0,58,59,0,0
293,37,-2,77,8,-2,0,39,79,40,0
294,43,-1,79,0,44,17,35,35,0,0
295,52,-2,81,0,54,31,29,27,0,0
296,37,0,79,0,10,20,42,68,26,0
297,45,5,79,0,44,-4,33,35,2,0
298,46,0,82,0,44,-14,36,38,2,0
299,42,-1,86,0,42,0,45,45,0,0
300,37,0,82,1,18,-17,45,64,18,0
301,41,5,79,0,38,-5,38,40,2,0
302,45,4,82,1,44,0,37,38,0,0
303,37,0,79,0,8,15,42,71,28,0
304,55,4,91,0,54,0,35,37,2,0
305,46,0,88,1,46,3,42,41,0,0
306,49,-3,84,0,50,13,35,35,0,0
307,37,0,77,-7,34,0,40,43,2,0
308,37,0,107,0,30,13,70,76,6,0
309,37,0,97,0,20,-14,60,77,16,0
310,46,0,84,-3,46,0,38,37,0,0
311,44,0,77,0,42,-28,33,35,2,0
312,56,0,82,0,56,11,26,25,0,0
313,54,0,81,4,54,0,27,27,0,0
314,49,-5,83,0,50,0,33,33,0,0
315,37,0,76,-1,36,0,39,39,0,0
316,46,0,77,6,46,0,31,31,0,0
317,46,4,93,0,46,0,47,47,0,0
318,37,-4,77,0,36,-24,39,41,2,0
319,37,0,80,0,8,21,43,72,30,0
320,44,0,81,0,44,5,37,37,0,0
321,47,0,83,0,46,0,35,36,0,0
322,37,0,75,0,26,30,38,49,12,0
323,38,0,90,0,8,3,52,82,30,0
324,41,0,106,0,42,1,65,65,0,0
325,49,-1,84,0,50,4,36,35,0,0
326,37,1,82,-3,34,0,45,48,4,0
327,55,0,83,0,56,31,27,26,0,0
328,37,0,79,-3,20,-6,43,59,16,0
329,44,0,76,-2,44,7,32,32,0,0
330,37,-1,80,5,24,0,43,57,14,0
331,50,3,84,0,50,0,35,35,0,0
332,50,3,87,0,50,0,37,38,2,0
333,45,5,81,3,44,0,37,37,0,0
334,37,-2,107,0,36,-23,69,71,2,0
335,37,0,79,-6,2,0,43,77,34,0
336,49,1,77,0,50,18,28,28,0,0
337,36,0,80,-1,36,0,44,44,0,0
338,56,0,81,0,56,6,25,24,0,0
339,38,0,76,0,38,2,38,37,0,0
340,48,-1,86,0,46,0,38,39,2,0
341,51,4,86,0,52,16,35,34,0,0
342,38,1,96,0,38,6,58,57,0,0
343,41,0,87,8,42,30,46,46,0,0
344,37,0,79,0,36,-7,41,43,2,0
345,42,-1,86,-4,42,-6,44,45,2,0
346,52,4,88,0,52,-4,35,36,0,0
347,49,0,81,0,46,-9,33,35,2,0
348,46,1,77,0,44,-13,31,33,2,0
349,44,1,81,0,44,4,37,37,0,0
350,37,0,93,0,12,3,56,81,24,0
351,51,3,78,0,52,13,27,26,0,0
352,45,0,79,-1,44,-13,33,35,2,0
353,53,0,81,0,54,1,27,26,0,0
354,37,0,79,0,10,-23,42,68,26,0
355,55,-1,89,-4,54,0,34,35,0,0
356,44,0,80,4,44,3,36,36,0,0
357,38,5,79,0,36,0,41,43,2,0
358,44,1,78,0,42,-30,34,37,2,0
359,40,0,85,-1,38,0,45,46,2,0
360,45,-1,83,0,46,3,37,36,0,0
361,51,0,88,0,52,22,37,36,0,0
362,41,1,76,-1,38,0,35,37,2,0
363,37,0,78,0,16,4,42,63,22,0
364,44,0,77,2,42,-17,34,36,2,0
365,37,0,82,0,34,23,45,48,2,0
366,37,0,80,0,10,23,43,70,26,0
367,51,-4,83,0,50,-6,32,34,2,0
368,44,-1,81,1,44,6,37,37,0,0
369,45,-2,87,0,44,-3,42,43,2,0
370,41,-2,83,0,42,6,42,41,0,0
371,54,-2,86,0,54,0,33,32,0,0
372,37,0,77,0,36,5,39,41,2,0
373,51,0,81,0,52,27,30,29,0,0
374,37,-3,77,0,-2,0,40,79,40,0
375,37,0,76,0,34,-10,40,43,2,0
376,38,-3,78,0,38,0,40,39,0,0
377,37,0,78,0,24,-15,41,55,14,0
378,46,-1,77,0,46,11,32,31,0,0
379,38,0,102,0,36,-23,64,66,2,0
380,41,0,81,-3,42,0,40,40,0,0
381,37,0,79,0,18,-13,43,61,18,0
382,43,-1,81,3,42,-16,37,39,2,0
383,51,0,107,-2,50,0,56,58,2,0
384,37,0,84,0,30,19,47,53,6,0
385,49,0,77,-5,46,-30,28,31,2,0
386,50,0,78,-3,50,0,28,29,2,0
387,48,2,81,-1,46,0,33,34,2,0
388,37,0,79,0,8,27,43,72,28,0
389,43,0,87,0,44,21,44,43,0,0
390,46,0,76,0,44,-12,30,32,2,0
391,42,-15,76,0,42,0,34,35,2,0
392,37,0,76,0,20,26,40,55,16,0
393,51,0,86,0,52,14,35,35,0,0
394,37,0,79,0,6,5,42,74,32,0
395,42,2,77,3,42,0,35,36,2,0
396,37,0,78,0,10,7,41,68,26,0
397,46,2,81,1,46,14,35,35,0,0
398,50,0,79,7,50,0,28,30,2,0
399,37,-2,106,0,36,0,70,70,0,0
400,51,0,109,0,52,19,58,58,0,0
401,44,-1,82,0,44,11,38,38,0,0
402,63,0,112,5,62,0,49,50,0,0
403,41,0,79,-3,42,18,38,37,0,0
404,37,4,79,0,18,-6,41,61,20,0
405,43,0,87,8,42,-5,44,46,2,0
406,47,0,77,-4,46,0,29,30,0,0
407,37,5,75,0,34,5,37,41,4,0
408,55,0,84,5,54,0,29,30,0,0
409,43,0,79,0,44,26,35,35,0,0
410,45,1,88,0,44,201,42,44,2,0
411,53,0,91,0,54,15,38,37,0,0
412,41,0,86,-1,42,9,45,44,0,0
413,37,0,104,0,24,9,67,80,14,0
414,37,0,77,0,6,22,40,72,32,0
415,40,0,84,8,38,0,44,45,2,0
416,45,-3,86,0,44,0,42,42,0,0
417,37,0,97,-1,34,4,60,64,4,0
418,37,0,79,0,36,3,41,43,2,0
419,52,2,83,0,52,0,31,32,0,0
420,37,-26,106,0,30,0,69,75,6,0
421,43,0,81,-3,42,-15,37,39,2,0
422,41,-2,76,0,42,23,35,35,0,0
423,45,0,83,6,46,17,37,36,0,0
424,47,0,81,3,46,0,34,34,0,0
425,37,0,76,5,24,0,40,53,14,0
426,47,5,106,0,46,0,60,60,0,0
427,48,-1,88,0,46,-4,40,42,2,0
428,54,0,82,1,54,0,28,28,0,0
429,41,4,78,0,42,12,37,37,0,0
430,38,2,76,0,38,2,38,37,0,0
431,48,0,88,-3,46,-7,40,42,2,0
432,44,-1,80,0,44,0,36,36,0,0
433,50,5,77,0,50,0,27,28,0,0
434,38,-4,76,-2,38,0,37,37,0,0
435,46,0,76,0,46,0,29,29,0,0
436,47,-1,86,0,46,0,40,40,0,0
437,37,0,95,-5,28,0,58,67,8,0
438,37,0,80,0,10,28,43,70,26,0
439,49,1,77,0,46,-2,29,31,2,0
440,41,0,79,2,38,-4,39,41,2,0
441,37,0,78,0,10,-10,41,68,26,0
442,51,-5,81,0,52,0,29,29,0,0
443,41,0,81,-5,42,0,40,40,0,0
444,49,0,88,0,50,7,40,39,0,0
445,37,0,76,-2,34,0,40,43,2,0
446,43,0,86,-5,42,0,44,45,2,0
447,41,0,89,0,42,11,48,48,0,0
448,39,-9,78,0,-2,-28,39,81,42,0
449,55,0,83,6,54,0,28,29,0,0
450,39,2,86,0,38,0,47,48,0,0
451,53,0,86,0,52,-9,33,34,2,0
452,45,0,82,-3,44,0,37,38,0,0
453,37,0,77,7,24,0,40,54,14,0
454,37,0,106,1,20,-5,69,85,16,0
455,52,0,78,-2,52,-2,26,26,0,0
456,60,4,87,0,60,0,27,28,0,0
457,47,0,84,-1,46,0,38,38,0,0
458,43,0,77,0,44,25,34,34,0,0
459,41,0,85,0,38,-11,44,46,2,0
460,43,-5,86,0,42,-12,43,45,2,0
461,37,0,79,0,8,11,42,71,30,0
462,37,0,100,0,36,-10,63,64,2,0
463,45,0,85,1,46,23,40,39,0,0
464,46,5,79,0,46,20,33,32,0,0
465,44,0,86,0,44,27,42,42,0,0
466,44,0,81,7,42,-12,38,40,2,0
467,37,0,78,3,26,-2,42,52,10,0
468,48,0,76,0,46,0,28,30,2,0
469,37,0,77,5,36,2,40,41,0,0
470,43,-5,76,0,42,0,33,35,2,0
471,54,-5,81,5,54,0,27,27,0,0
472,42,0,81,0,42,7,39,40,0,0
473,44,0,87,-6,44,0,43,43,0,0
474,37,0,105,0,34,1,68,71,4,0
475,39,3,83,0,38,0,44,44,0,0
476,49,-4,101,1,50,9,52,52,0,0
477,37,0,77,-6,26,12,40,51,10,0
478,57,0,91,0,56,0,34,34,0,0
479,37,0,79,0,36,11,43,43,0,0
480,46,3,81,0,46,5,35,34,0,0
481,45,0,88,-3,44,0,43,44,2,0
482,38,0,109,0,36,-24,72,73,2,0
483,39,0,79,2,38,0,41,41,0,0
484,46,-3,107,0,46,0,61,60,0,0
485,53,-2,88,0,54,3,34,33,0,0
486,41,3,86,0,38,-19,45,48,2,0
487,46,0,78,0,44,-18,32,34,2,0
488,42,0,79,6,42,0,37,38,2,0
489,43,0,86,-5,42,-13,42,44,2,0
490,40,-5,81,2,38,0,41,42,2,0
491,37,0,75,-1,26,0,38,49,10,0
492,37,-4,77,0,-2,0,40,79,40,0
493,49,1,88,0,50,29,39,39,0,0
494,43,-5,109,0,42,0,66,67,2,0
495,37,-1,77,2,38,8,39,38,0,0
496,39,1,84,0,38,0,45,46,0,0
497,47,3,90,0,46,0,42,43,0,0
498,37,0,75,0,28,-10,38,46,8,0
499,58,-5,82,0,56,0,24,25,0,0
500,37,0,77,0,8,-3,40,69,30,0
501,53,0,84,0,54,26,31,30,0,0
502,53,1,79,0,54,14,26,24,0,0
503,37,1,97,0,30,-13,60,66,6,0
504,36,-5,76,0,36,0,40,40,0,0
505,37,2,76,-2,20,0,39,55,16,0
506,41,0,84,1,38,-5,43,45,2,0
507,37,0,106,0,36,-20,68,69,2,0
508,37,0,76,-5,24,0,40,53,14,0
509,42,-3,108,0,42,0,66,66,0,0
510,57,5,86,0,56,0,29,29,0,0
511,37,0,80,0,8,29,43,72,30,0
512,50,-5,77,0,50,0,27,28,2,0
513,58,0,85,1,56,0,28,28,0,0
514,37,0,107,0,30,25,69,76,6,0
515,49,0,77,0,50,14,29,28,0,0
516,51,0,82,0,52,29,31,30,0,0
517,37,0,101,6,28,-19,64,73,8,0
518,37,0,90,0,28,-20,53,62,8,0
519,39,-3,77,-3,38,0,38,39,0,0
520,37,0,104,0,26,-17,67,78,12,0
521,55,0,86,0,54,-16,30,32,2,0
522,48,4,94,0,46,0,46,48,2,0
523,37,0,77,0,24,16,40,54,14,0
524,56,0,79,0,54,-13,23,24,2,0
525,37,0,78,0,8,-16,42,70,28,0
526,42,5,86,0,42,0,43,44,2,0
527,37,0,82,0,34,-14,45,48,2,0
528,43,0,86,3,42,-6,43,45,2,0
529,52,0,83,0,52,-10,30,31,0,0
530,45,1,87,0,44,0,42,43,2,0
531,43,0,75,0,42,0,32,34,2,0
532,37,-2,77,0,36,0,40,41,0,0
533,45,0,86,0,44,0,42,42,0,0
534,37,0,76,2565,20,0,40,55,16,0
535,39,0,79,7,38,0,41,41,0,0
536,43,0,95,0,44,22,52,51,0,0
537,54,0,81,-3,54,-4,27,27,0,0
538,37,0,82,0,36,7,45,46,0,0
539,49,3,78,0,50,7,29,29,0,0
540,37,0,105,-4,24,0,68,82,14,0
541,47,0,86,1,46,0,40,40,0,0
542,53,0,86,-1,52,-24,33,34,2,0
543,37,-1,106,-2,36,-4,69,69,0,0
544,37,-5,97,0,34,0,60,64,4,0
545,56,-4,96,0,56,4,40,39,0,0
546,37,0,100,0,30,-30,64,69,6,0
547,46,-3,79,0,46,0,34,33,0,0
548,42,0,78,-2,42,0,37,37,0,0
549,53,0,80,0,54,6,27,26,0,0
550,37,0,76,0,30,-9,40,45,6,0
551,37,0,76,0,30,-24,40,45,6,0
552,45,0,83,7,44,-1,38,39,2,0
553,37,0,76,0,36,0,39,40,0,0
554,47,0,88,5,46,0,42,42,0,0
555,47,1,81,0,46,0,34,34,0,0
556,44,0,81,-2,44,3,37,37,0,0
557,51,-3,84,0,52,0,33,32,0,0
558,41,0,100,0,38,-2,59,61,2,0
559,49,0,81,0,50,6,33,32,0,0
560,41,0,81,0,38,-14,40,42,2,0
561,48,2,83,-1,46,0,34,36,2,0
562,37,0,79,5,30,-17,42,48,6,0
563,53,3,84,0,54,25,31,30,0,0
564,44,0,87,0,42,-26,43,46,2,0
565,41,-1,79,6,38,-10,39,41,2,0
566,43,0,81,-1,44,27,37,37,0,0
567,40,0,87,1,38,0,47,48,2,0
568,56,4,85,0,54,-9,29,31,2,0
569,45,1,84,0,44,-6,39,41,2,0
570,41,2,80,0,38,0,39,41,2,0
571,37,-4,97,0,36,0,61,61,0,0
572,41,0,82,0,42,31,41,41,0,0
573,44,1,85,0,44,14,41,41,0,0
574,37,0,95,0,18,-5,57,77,20,0
575,37,0,106,0,24,9,69,82,14,0
576,41,0,77,0,38,-1,36,38,2,0
577,44,2,102,0,42,-18,59,61,2,0
578,37,0,78,0,0,-3,42,78,36,0
579,43,0,81,0,44,17,37,37,0,0
580,37,0,77,0,-20,2,41,98,58,0
581,49,0,106,-1,50,11,57,57,0,0
582,58,0,80,-6,56,0,22,23,0,0
583,37,0,105,0,24,8,68,82,14,0
584,37,0,83,0,30,-6,46,52,6,0
585,42,0,82,5,42,0,39,41,2,0
586,42,-5,77,0,42,0,35,36,0,0
587,37,0,77,0,36,-25,39,41,2,0
588,56,0,86,0,56,19,30,29,0,0
589,45,4,90,0,44,-4,44,46,2,0
590,37,0,80,0,18,6,43,62,18,0
591,45,0,93,0,46,7,48,47,0,0
592,43,0,81,0,44,26,37,37,0,0
593,37,0,76,-2,36,-3,39,40,0,0
594,37,0,95,-3,16,15,58,80,22,0
595,37,0,79,0,6,-1,43,74,32,0
596,48,-1,110,0,46,-1,62,64,2,0
597,50,0,78,-1,50,0,28,29,0,0
598,45,0,84,0,44,0,40,41,0,0
599,47,-3,84,0,46,0,37,37,0,0
600,37,0,76,0,36,2,39,39,0,0
601,38,2,77,0,36,-18,39,41,2,0
602,37,0,105,0,16,-12,68,89,22,0
603,42,4,76,0,42,0,33,34,2,0
604,37,0,78,0,2,3,41,75,34,0
605,37,0,90,0,24,12,52,66,14,0
606,55,0,81,6,54,0,27,27,0,0
607,39,5,106,0,38,0,68,67,0,0
608,37,0,77,5,36,8,40,41,0,0
609,42,-1,75,0,42,0,33,34,0,0
610,38,0,86,-1,38,0,48,47,0,0
611,46,0,76,0,46,1,30,29,0,0
612,37,0,77,0,24,3,40,54,14,0
613,37,0,78,0,12,-6,42,65,24,0
614,37,0,75,0,30,0,38,44,6,0
615,52,-4,82,0,52,-2,29,30,0,0
616,43,-1,81,3,44,28,38,37,0,0
617,49,0,84,0,46,-23,35,37,2,0
618,37,0,81,0,28,-6,45,53,8,0
619,42,0,86,5,42,0,44,44,0,0
620,42,-2,87,0,42,0,45,46,0,0
621,45,0,79,0,46,28,34,33,0,0
622,37,0,90,0,30,18,53,59,6,0
623,45,0,83,0,46,21,38,37,0,0
624,44,0,80,0,42,-19,36,39,2,0
625,47,-1,85,4,46,0,38,39,0,0
626,44,0,76,0,42,-22,32,34,2,0
627,37,0,82,-3,-2,0,45,85,40,0
628,37,-2,106,0,30,-190,69,75,6,0
629,37,0,79,0,2,-1,43,77,34,0
630,45,-4,79,0,44,-10,33,35,2,0
631,44,0,86,1,42,-23,43,45,2,0
632,37,0,94,0,10,-5,57,84,26,0
633,48,0,81,0,46,-9,32,34,2,0
634,46,0,92,7,46,0,45,45,0,0
635,51,0,88,3,52,4,36,36,0,0
636,37,5,90,-7,6,0,53,85,32,0
637,49,0,83,-2,50,39,34,34,0,0
638,49,0,88,0,50,12,40,39,0,0
639,37,0,81,3,38,18,44,43,0,0
640,37,0,106,1,26,24,68,80,12,0
641,51,0,87,0,52,29,36,35,0,0
642,37,0,83,0,34,2,46,50,4,0
643,37,0,78,0,18,10,42,60,18,0
644,46,0,80,0,44,-26,34,36,2,0
645,46,-1,88,-6,46,-5,41,41,0,0
646,37,0,81,-6,-4,0,44,86,42,0
647,49,-4,111,0,50,2,62,62,0,0
648,37,0,77,-5,12,0,41,65,24,0
649,42,0,77,7,42,0,35,36,0,0
650,37,0,104,-4,20,0,67,83,16,0
651,54,0,83,3,54,0,29,29,0,0
652,46,0,88,1,46,10,42,41,0,0
653,43,0,85,0,42,-10,42,44,2,0
654,39,0,108,0,38,0,68,69,0,0
655,37,0,76,-1,20,-4,40,55,16,0
656,51,0,88,-3,50,-13,37,39,2,0
657,53,0,88,0,52,-13,35,36,2,0
658,41,0,76,0,42,11,35,34,0,0
659,37,0,77,0,16,-1,41,62,22,0
660,45,0,83,-1,44,-1,38,39,0,0
661,48,-1,81,0,46,-11,33,35,2,0
662,45,1,86,0,44,-6,41,42,2,0
663,37,0,103,-1,24,-3,66,80,14,0
664,44,0,86,0,44,22,42,42,0,0
665,56,0,97,0,54,3,41,43,2,0
666,48,-4,83,0,46,0,35,36,2,0
667,44,0,76,-5,44,0,31,32,0,0
668,44,0,109,0,42,-30,66,68,2,0
669,43,0,85,-6,42,0,42,44,2,0
670,57,-4,86,0,56,0,29,29,0,0
671,39,1,81,0,38,0,43,43,0,0
672,45,0,87,-1,44,-1,42,43,2,0
673,37,0,78,0,-6,-22,42,86,44,0
674,37,-1,81,0,36,0,44,45,0,0
675,37,-3,106,-6,30,-8,69,75,6,0
676,37,0,80,-7,34,-4,43,46,2,0
677,53,0,84,0,54,2,32,30,0,0
678,51,0,83,4,50,-2,32,33,2,0
679,51,5,82,0,50,0,31,33,2,0
680,53,0,85,-3,54,0,32,31,0,0
681,37,0,79,0,24,-6,42,55,14,0
682,42,0,82,2,42,0,39,41,2,0
683,49,2,106,0,46,-10,58,60,2,0
684,53,-1,79,0,52,-5,26,27,2,0
685,52,1,91,0,52,0,39,39,0,0
686,43,4,81,0,42,0,38,39,2,0
687,41,0,76,0,38,-5,35,37,2,0
688,45,3,84,0,44,0,38,40,2,0
689,43,0,77,7,42,-7,34,35,2,0
690,49,0,95,0,46,-24,47,49,2,0
691,44,0,80,-4,44,1,36,36,0,0
692,37,0,77,0,34,19,40,44,4,0
693,49,0,79,1,50,7,30,30,0,0
694,64,0,111,3,64,23,46,46,0,0
695,48,4,90,0,46,0,42,43,2,0
696,42,2,78,-1,42,0,36,37,2,0
697,56,0,81,0,56,15,25,24,0,0
698,38,3,77,0,38,5,39,38,0,0
699,46,4,81,0,46,6,35,34,0,0
700,53,1,86,0,52,-16,33,34,2,0
701,43,0,81,5,42,0,38,40,2,0
702,37,0,78,0,16,5,41,63,22,0
703,45,0,81,0,44,-20,35,37,2,0
704,38,1,102,-5,34,0,65,69,4,0
705,39,-4,86,0,38,0,46,47,0,0
706,53,0,86,0,52,-16,33,34,2,0
707,37,0,93,0,10,-6,56,83,28,0
708,37,0,84,0,26,-1,47,58,10,0
709,49,0,85,0,50,19,36,36,0,0
710,45,-2,77,0,44,-20,32,34,2,0
711,40,-2,106,0,38,0,66,67,2,0
712,49,0,83,0,50,1,34,33,0,0
713,47,0,87,-7,46,0,40,41,0,0
714,37,0,91,-2,6,0,54,86,32,0
715,37,-1,102,0,36,6,65,66,2,0
716,38,2,79,0,38,20,41,40,0,0
717,56,0,97,2,54,0,41,43,2,0
718,38,-4,86,0,38,0,48,48,0,0
719,41,-3,79,0,42,0,38,38,0,0
720,46,-2,83,0,46,0,36,36,0,0
721,41,0,87,3,42,27,46,46,0,0
722,37,0,105,3,18,0,68,87,18,0
723,44,2,81,0,44,1,37,37,0,0
724,41,0,97,0,42,29,56,55,0,0
725,48,-1,84,0,46,-3,36,38,2,0
726,37,3,76,6,34,0,39,43,4,0
727,44,0,76,0,44,2,32,32,0,0
728,43,1,79,0,42,0,37,38,2,0
729,46,3,79,0,46,16,33,32,0,0
730,46,0,88,-4,46,16,43,42,0,0
731,45,0,81,-3,44,0,36,37,2,0
732,53,0,87,3,52,-5,34,35,2,0
733,37,0,93,0,10,-9,56,83,28,0
734,37,0,76,0,34,10,39,42,2,0
735,49,-3,107,0,46,-30,58,60,2,0
736,45,4,108,0,44,0,63,64,2,0
737,37,0,106,0,26,1,68,80,12,0
738,48,1,83,-1,46,0,34,36,2,0
739,41,0,79,-1,38,-5,39,41,2,0
740,43,0,108,-5,42,-16,64,66,2,0
741,44,0,87,0,44,1,43,43,0,0
742,47,0,88,6,46,0,42,42,0,0
743,50,-2,84,0,50,0,34,35,0,0
744,37,0,76,-4,36,0,39,40,0,0
745,37,5,75,0,36,0,38,39,0,0
746,55,0,77,-1,54,0,22,23,0,0
747,52,4,86,0,52,0,34,34,0,0
748,41,0,79,0,38,-17,38,40,2,0
749,39,0,77,3,38,0,38,39,0,0
750,45,0,79,0,44,-27,33,35,2,0
751,47,-1,84,0,46,0,37,38,0,0
752,43,-1,77,0,42,-15,34,35,2,0
753,43,0,83,2,44,22,40,39,0,0
754,45,-1,86,0,44,-8,41,42,2,0
755,43,-4,77,1,42,-20,34,36,2,0
756,46,-4,81,0,46,0,34,34,0,0
757,37,0,76,0,30,-5,39,45,6,0
758,51,0,84,0,52,24,34,33,0,0
759,43,0,87,0,42,-9,44,46,2,0
760,37,0,77,0,2,3,40,74,34,0
761,37,0,78,0,16,26,41,63,22,0
762,45,0,80,0,44,-13,35,36,2,0
763,41,-5,78,0,42,3,37,37,0,0
764,51,-4,88,0,52,0,36,36,0,0
765,49,0,107,0,50,19,58,58,0,0
766,37,0,105,0,24,7,68,82,14,0
767,42,-1,83,0,42,0,42,42,0,0
768,37,3,75,0,18,-6,38,57,18,0
769,37,0,80,0,12,5,43,67,24,0
770,44,-2,108,0,44,0,63,64,0,0
771,51,0,84,0,52,2,33,32,0,0
772,47,-908,86,-1,46,0,39,39,0,0
773,42,-2,83,0,42,0,42,42,0,0
774,41,1,80,0,38,0,39,41,2,0
775,51,2,83,-1,50,-1,32,33,2,0
776,44,2,86,0,44,5,42,42,0,0
777,37,0,93,0,16,21,55,77,22,0
778,41,0,78,0,42,17,37,37,0,0
779,41,0,76,-5,38,0,35,37,2,0
780,40,-4,81,0,38,0,41,43,2,0
781,38,1,109,-3,38,0,71,71,0,0
782,42,0,86,3,42,0,44,44,0,0
783,58,-1,79,0,56,0,21,22,0,0
784,37,5,76,0,36,2,39,40,0,0
785,44,3,93,0,44,10,50,50,0,0
786,53,0,102,0,54,6,49,48,0,0
787,53,0,88,5,52,-20,35,36,2,0
788,37,0,80,-5,36,0,43,44,0,0
789,44,1,81,0,44,5,38,37,0,0
790,43,-1,83,-3,42,-6,40,42,2,0
791,37,0,107,0,36,0,69,71,2,0
792,37,0,77,-1,-18,-4,40,95,54,0
793,55,-1,93,0,54,0,38,39,0,0
794,46,2,80,0,46,2,34,34,0,0
795,67,4,112,0,68,2,45,45,0,0
796,51,-2,77,0,52,0,26,25,0,0
797,37,0,76,0,36,-13,39,40,2,0
798,48,-2,87,0,46,-8,39,41,2,0
799,53,-2,80,-2,54,-3,27,26,0,0
800,44,2,108,-1,44,7,64,64,0,0
801,41,0,81,5,38,0,40,42,2,0
802,52,1,87,-6,52,0,35,35,0,0
803,37,0,76,0,36,2,38,39,2,0
804,48,4,81,1,46,0,32,34,2,0
805,46,0,88,2,46,0,41,41,0,0
806,43,-3,86,-1,44,8,42,42,0,0
807,37,0,76,1,26,-12,40,50,10,0
808,49,2,95,0,46,-12,47,49,2,0
809,53,2,79,0,54,3,25,24,0,0
810,37,0,81,0,34,17,45,48,2,0
811,37,0,104,-1,28,1,67,76,8,0
812,56,-1,92,0,56,0,36,35,0,0
813,45,0,76,0,46,8,30,29,0,0
814,44,0,84,0,44,8,40,40,0,0
815,47,1,77,-7,46,0,30,31,0,0
816,45,0,82,-5,44,0,37,38,0,0
817,38,0,81,0,36,-24,43,44,2,0
818,49,3,82,0,50,25,33,33,0,0
819,53,-1,87,0,52,-21,34,35,2,0
820,37,0,76,0,24,-2,39,53,14,0
821,56,0,86,0,56,12,31,30,0,0
822,41,0,86,-5,38,-7,46,48,2,0
823,42,4,83,-5,42,0,41,41,0,0
824,52,-1,88,0,52,-6,35,36,0,0
825,56,0,79,0,54,-7,23,24,2,0
826,53,3,81,0,54,24,28,26,0,0
827,45,0,78,-5,44,-21,33,34,2,0
828,41,-5,77,8,38,-20,36,38,2,0
829,45,0,76,0,44,-23,31,32,2,0
830,37,0,75,0,26,16,38,49,12,0
831,37,0,79,0,2,19,42,76,34,0
832,48,-1,76,-1,46,-1,28,30,2,0
833,56,0,96,0,54,-1,40,42,2,0
834,37,-2,77,1,0,4,40,77,36,0
835,37,0,77,0,38,31,39,38,0,0
836,37,0,86,6,36,0,50,50,0,0
837,53,0,83,5,54,4,30,29,0,0
838,47,0,81,2,46,0,33,34,0,0
839,51,1,81,0,50,-4,30,32,2,0
840,37,0,77,0,26,18,40,51,12,0
841,49,0,87,0,50,0,38,38,0,0
842,41,0,79,6,42,8,38,38,0,0
843,47,-2,83,0,46,0,36,37,0,0
844,44,0,84,0,42,-16,40,43,2,0
845,37,0,78,0,24,29,41,55,14,0
846,53,0,87,0,52,-6,34,35,2,0
847,56,1,86,3,56,4,31,30,0,0
848,37,-1,76,0,20,-1,39,55,16,0
849,37,-1,77,-5,8,-14,41,70,28,0
850,47,0,87,-5,46,0,40,41,0,0
851,46,0,77,0,44,-19,32,34,2,0
852,49,-5,89,0,46,-30,40,42,2,0
853,37,0,82,0,36,22,45,46,2,0
854,52,-3,81,0,52,-2,29,30,0,0
855,56,0,89,0,56,3,33,32,0,0
856,49,0,111,0,50,0,62,62,0,0
857,42,-1,90,0,42,0,47,48,2,0
858,43,0,81,4,44,28,37,37,0,0
859,37,0,77,0,24,-14,40,54,14,0
860,37,0,95,-5,16,5,58,79,22,0
861,37,0,79,0,6,16,42,74,32,0
862,47,5,84,0,46,0,38,38,0,0
863,37,5,76,0,36,1,39,39,0,0
864,37,0,84,2,24,-14,47,61,14,0
865,43,0,79,0,44,24,35,35,0,0
866,43,0,76,0,42,-14,33,35,2,0
867,56,2,91,0,56,16,35,34,0,0
868,46,0,77,6,46,2,32,31,0,0
869,54,-3,83,-1,54,0,28,28,0,0
870,37,0,91,0,18,7,53,73,20,0
871,37,0,77,0,8,13,40,70,30,0
872,41,0,83,8,42,5,42,42,0,0
873,37,0,107,0,28,12,69,78,8,0
874,45,0,86,6,44,-1,41,42,2,0
875,54,-1,81,-5,54,-7,27,27,0,0
876,46,-4,79,0,46,0,33,32,0,0
877,42,-3,79,0,42,0,37,38,2,0
878,37,0,98,0,28,-4,61,70,8,0
879,38,0,102,0,34,-8,65,69,4,0
880,47,0,78,-7,46,0,31,32,0,0
881,55,1,88,1,54,0,32,33,2,0
882,40,0,89,0,38,0,49,50,2,0
883,53,3,81,0,52,-4,28,30,2,0
884,37,0,79,0,10,-21,42,68,26,0
885,44,-1,85,1,44,0,41,41,0,0
886,37,0,97,0,30,-3,60,66,6,0
887,37,0,76,0,28,16,39,47,8,0
888,47,0,86,2,46,0,38,39,0,0
889,42,0,77,-1,42,0,35,36,0,0
890,37,0,77,0,26,-13,40,51,10,0
891,45,0,93,0,44,-8,48,50,2,0
892,44,0,77,-1,44,2,33,33,0,0
893,38,0,79,0,38,5,42,41,0,0
894,47,0,88,4,46,0,41,41,0,0
895,37,2,77,0,-22,1,41,101,60,0
896,37,0,77,0,8,17,40,69,28,0
897,45,0,87,6,46,15,42,41,0,0
898,37,1,82,0,36,0,45,46,0,0
899,37,0,79,0,2,20,42,76,34,0
900,44,1,79,-1,44,0,35,35,0,0
901,42,3,79,8,42,0,37,38,0,0
902,45,0,86,-4,46,19,41,40,0,0
903,53,0,88,0,52,-27,35,37,2,0
904,44,-2,86,3,44,0,42,42,0,0
905,39,0,86,5,38,0,47,48,0,0
906,43,-4,85,0,42,-19,42,44,2,0
907,56,1,80,0,56,14,24,23,0,0
908,38,0,106,0,38,0,68,67,0,0
909,48,0,88,3,50,31,40,39,0,0
910,49,5,80,0,50,5,31,31,0,0
911,37,0,95,0,18,24,58,77,18,0
912,41,0,81,0,38,-19,41,43,2,0
913,49,-5,86,0,50,6,38,37,0,0
914,37,0,76,0,36,-5,38,39,2,0
915,51,1,102,0,50,0,51,53,2,0
916,47,2,90,8,46,0,43,44,0,0
917,43,0,81,2,42,-5,38,40,2,0
918,45,0,81,0,44,-23,35,37,2,0
919,45,0,86,-1,44,-13,41,42,2,0
920,38,0,77,0,38,9,39,38,0,0
921,41,-2,108,0,38,-13,67,69,2,0
922,46,0,84,-2,46,-3,38,37,0,0
923,45,0,79,0,44,-23,33,35,2,0
924,38,3,77,0,38,0,39,38,0,0
925,57,3,88,0,56,0,31,31,0,0
926,37,0,76,-1,28,-4,39,47,8,0
927,45,-2,81,0,46,11,35,34,0,0
928,38,-1,91,-2,6,-7,53,86,32,0
929,40,-2,86,0,38,0,46,47,2,0
930,45,0,85,0,46,21,40,39,0,0
931,55,0,83,3,54,0,28,29,0,0
932,37,0,93,0,16,7,55,77,22,0
933,46,-4,78,-1,46,0,32,32,0,0
934,41,1,86,0,38,-7,46,48,2,0
935,46,-4,86,0,46,0,41,40,0,0
936,46,0,85,-2,46,7,39,39,0,0
937,61,0,111,0,60,-8,50,52,2,0
938,52,0,78,-1,52,0,26,26,0,0
939,44,0,87,0,44,22,43,43,0,0
940,37,0,95,0,16,0,58,79,22,0
941,37,0,103,0,30,-6,66,72,6,0
942,37,0,77,3,28,0,41,49,8,0
943,37,0,79,0,10,-10,42,68,26,0
944,37,0,108,2,34,-30,71,75,4,0
945,43,0,83,0,42,-14,39,41,2,0
946,37,-4,80,0,34,1,43,46,4,0
947,37,0,77,0,20,19,41,57,16,0
948,37,-2,77,3,38,11,40,39,0,0
949,37,0,77,2,12,0,40,64,24,0
950,45,0,78,-4,46,20,33,32,0,0
951,37,0,97,-6,26,-5,60,71,12,0
952,37,0,106,14,28,0,69,78,8,0
953,37,0,77,0,0,-5,40,77,36,0
954,45,1,76,2,44,0,31,32,2,0
955,37,0,95,0,10,23,58,84,26,0
956,37,0,79,0,30,11,43,48,6,0
957,37,0,104,0,20,-22,67,84,16,0
958,56,3,86,0,56,14,31,30,0,0
959,41,0,76,0,38,-20,35,37,2,0
960,37,0,77,0,28,6,40,48,8,0
961,37,0,109,1,26,0,71,83,12,0
962,45,0,86,8,44,-2,41,42,2,0
963,41,2,78,0,42,23,37,37,0,0
964,37,0,84,0,30,10,47,53,6,0
965,48,0,88,1,46,0,39,41,2,0
966,42,0,81,0,42,315,39,40,0,0
967,38,0,107,3,38,0,69,68,0,0
968,46,0,79,2,46,8,34,33,0,0
969,47,1,86,-2,46,0,39,39,0,0
970,44,0,75,-7,44,2,31,31,0,0
971,37,0,77,3,36,3,41,41,0,0
972,37,0,106,0,26,-30,69,80,12,0
973,55,0,83,-1,54,0,28,28,0,0
974,39,1,97,0,38,0,58,58,0,0
975,45,2,87,6,44,0,42,43,2,0
976,49,0,80,0,50,28,31,31,0,0
977,45,0,80,0,46,20,35,34,0,0
978,43,-1,76,0,44,25,32,32,0,0
979,42,4,108,0,42,0,66,67,2,0
980,56,2,82,0,54,-12,26,28,2,0
981,37,0,76,0,26,13,40,50,10,0
982,37,0,103,0,18,-7,66,85,20,0
983,49,-1,106,0,50,0,57,57,0,0
984,50,5,85,0,50,0,35,36,0,0
985,37,0,80,0,20,-5,43,59,16,0
986,50,4,81,-4,50,0,31,32,0,0
987,37,-5,97,0,34,3,61,64,2,0
988,42,-2,97,1,42,0,56,56,0,0
989,43,0,87,8,42,-9,44,46,2,0
990,37,0,77,-7,26,-1,40,51,10,0
991,63,2,111,5,62,0,48,49,2,0
992,49,0,82,0,50,27,33,33,0,0
993,47,5,78,-2,46,0,31,32,0,0
994,37,0,90,0,20,5,53,70,16,0
995,37,0,77,-1,34,-3,40,43,4,0
996,40,-2,80,2,38,0,40,41,2,0
997,37,0,76,3,36,0,40,40,0,0
998,37,0,81,-4,36,0,44,44,0,0
999,37,0,103,0,30,16,66,72,6,0
1000,47,0,89,-7,46,0,42,42,0,0
1001,37,0,80,0,12,2,43,67,24,0
1002,37,0,78,0,16,-19,42,63,22,0
1003,38,0,79,0,38,8,41,40,0,0
1004,37,0,76,0,26,-2,40,50,10,0
1005,53,5,81,0,54,4,28,27,0,0
1006,56,-5,85,1,56,0,29,28,0,0
1007,46,0,83,-7,46,0,37,37,0,0
1008,41,0,79,-4,42,7,38,37,0,0
1009,40,-5,80,6,38,0,40,41,2,0
1010,37,0,76,1,34,2,40,43,2,0
1011,46,-3,108,0,46,0,62,62,0,0
1012,37,0,77,6,34,-16,40,43,2,0
1013,40,-2,108,0,38,0,68,69,2,0
1014,46,0,85,0,46,14,39,39,0,0
1015,51,0,81,0,52,3,29,29,0,0
1016,45,0,77,0,46,21,31,30,0,0
1017,37,0,77,0,24,9,40,54,14,0
1018,51,0,82,3,52,16,31,30,0,0
1019,46,0,90,0,46,1,44,44,0,0
1020,37,0,82,0,18,7,45,64,18,0
1021,39,1,93,-3,38,0,54,55,0,0
1022,44,2,79,0,42,-18,35,37,2,0
1023,50,-2,80,0,50,0,30,31,2,0
1024,37,-5,79,0,-6,0,42,86,44,0
1025,42,2,90,0,42,0,48,49,2,0
1026,42,0,81,0,42,102,39,40,0,0
1027,46,0,77,0,44,-22,32,34,2,0
1028,56,-4,86,0,56,5,30,29,0,0
1029,37,0,79,1,-2,0,42,82,40,0
1030,41,5,85,0,38,0,44,46,2,0
1031,37,0,78,-4,24,0,42,55,14,0
1032,44,0,75,-6,42,-21,31,34,2,0
1033,41,0,78,-1,42,-1,37,37,0,0
1034,36,0,83,2,36,0,46,46,0,0
1035,38,0,90,0,8,2,52,82,30,0
1036,44,0,76,0,44,0,31,32,0,0
1037,37,-2,78,0,-2,0,41,81,40,0
1038,49,0,82,0,50,7,33,33,0,0
1039,46,-1,77,-3,46,-5,31,30,0,0
1040,37,0,98,0,30,6,61,67,6,0
1041,37,0,79,-2,8,0,43,72,28,0
1042,41,-5,76,0,38,-15,35,37,2,0
1043,49,5,90,0,50,2,41,41,0,0
1044,37,0,79,-2,8,19,43,72,28,0
1045,37,0,81,0,38,21,44,43,0,0
1046,37,0,77,3,36,24,41,41,0,0
1047,57,1,84,-6,56,0,28,28,0,0
1048,38,1,79,0,38,15,42,41,0,0
1049,43,0,85,-2,44,22,42,41,0,0
1050,45,-5,90,0,44,-1,45,46,2,0
1051,40,4,77,0,38,0,38,39,2,0
1052,37,0,80,0,12,3,43,67,24,0
1053,41,0,81,3,42,4,39,39,0,0
1054,44,0,86,2,42,-18,43,45,2,0
1055,50,-5,86,0,50,0,37,37,0,0
1056,37,0,96,0,16,-17,59,81,22,0
1057,38,0,105,-3,38,0,67,66,0,0
1058,51,0,86,0,52,13,35,34,0,0
1059,41,0,84,0,42,18,44,43,0,0
1060,49,0,106,-5,50,19,58,57,0,0
1061,57,-3,86,-1,56,0,29,29,0,0
1062,41,0,89,0,38,-11,48,50,2,0
1063,37,1,106,-5,28,0,68,77,8,0
1064,36,-3,77,0,36,0,41,41,0,0
1065,53,1,81,0,52,-28,28,30,2,0
1066,45,1,76,0,44,0,31,32,2,0
1067,45,5,88,0,44,0,43,44,0,0
1068,43,2,76,0,42,-1,33,35,2,0
1069,37,-5,77,0,36,-22,40,41,2,0
1070,55,1,93,5,54,0,38,39,2,0
1071,54,-3,80,0,54,0,26,26,0,0
1072,41,-1,97,-5,38,-10,56,58,2,0
1073,46,2,106,0,46,4,60,60,0,0
1074,37,0,76,0,26,-15,39,50,10,0
1075,45,-1,81,-3,46,17,36,35,0,0
1076,44,-2,85,0,44,0,41,41,0,0
1077,52,0,82,4,50,-30,30,33,2,0
1078,51,0,82,0,50,-2,31,33,2,0
1079,37,0,77,0,28,25,41,49,8,0
1080,59,0,86,-1,60,21,28,27,0,0
1081,53,3,103,1,52,-3,50,51,2,0
1082,62,0,110,2,62,0,48,48,0,0
1083,57,0,92,2,56,0,34,35,0,0
1084,37,0,78,0,8,17,41,70,30,0
1085,44,5,77,8,44,2,33,34,0,0
1086,40,0,86,-4,38,0,45,47,2,0
1087,52,-2,87,3,52,0,35,35,0,0
1088,41,0,82,-6,38,-2,41,43,2,0
1089,44,2,86,0,44,2,42,42,0,0
1090,64,0,111,4,62,-12,46,49,2,0
1091,45,1,81,0,44,0,36,37,0,0
1092,56,-3,92,0,56,0,36,35,0,0
1093,41,0,82,0,38,-18,41,43,2,0
1094,37,0,79,0,0,2,42,79,36,0
1095,37,0,77,2,28,0,41,49,8,0
1096,57,2,92,0,56,0,35,35,0,0
1097,46,1,76,-1,46,0,30,30,0,0
1098,37,0,90,2,26,0,53,64,12,0
1099,39,-3,77,-1,38,-2,37,38,0,0
1100,37,0,76,0,18,-11,40,58,18,0
1101,41,1,86,0,42,9,45,44,0,0
1102,37,0,77,2,-18,0,41,96,54,0
1103,46,0,79,1,46,0,33,33,0,0
1104,45,-1,77,0,46,8,32,31,0,0
1105,51,-4,81,0,52,15,30,30,0,0
1106,37,1,81,8,24,0,43,57,14,0
1107,37,0,83,3,-2,0,46,85,40,0
1108,37,0,83,0,2,-16,46,81,34,0
1109,42,0,102,0,42,0,60,60,0,0
1110,41,-1,78,0,42,4,37,37,0,0
1111,37,0,77,-4,28,-20,40,48,8,0
1112,37,-1,83,-3,26,-37,46,57,12,0
1113,45,2,76,1,44,0,31,32,2,0
1114,38,-5,110,0,38,0,72,71,0,0
1115,56,0,79,0,56,4,22,22,0,0
1116,37,-3,76,0,38,6,38,37,0,0
1117,37,0,78,0,24,-26,41,55,14,0
1118,43,1,75,-3,42,0,32,34,2,0
1119,47,-2,77,-7,46,0,31,31,0,0
1120,46,2,84,0,46,18,38,37,0,0
1121,37,1,75,0,18,-7,38,57,18,0
1122,37,0,86,0,36,-3,48,50,2,0
1123,37,0,75,0,30,27,38,44,6,0
1124,49,-1,81,0,46,-20,33,35,2,0
1125,45,-1,93,0,46,13,48,47,0,0
1126,41,0,77,0,38,-22,36,39,2,0
1127,37,0,105,0,34,11,68,71,4,0
1128,37,0,98,0,28,-6,61,70,8,0
1129,37,-4,99,0,28,0,62,71,8,0
1130,53,0,83,8,54,12,30,29,0,0
1131,42,3,96,0,42,0,54,55,2,0
1132,41,-1,86,0,42,18,46,45,0,0
1133,42,0,78,0,42,0,36,37,0,0
1134,37,0,94,0,8,-7,57,86,30,0
1135,41,3,78,0,38,-10,37,39,2,0
1136,37,0,79,0,36,-9,41,43,2,0
1137,37,0,81,0,28,-7,45,53,8,0
1138,47,1,79,0,46,0,32,33,0,0
1139,37,0,97,1,30,0,60,66,6,0
1140,44,0,88,0,44,12,44,44,0,0
1141,48,-3,100,0,46,-1,52,54,2,0
1142,45,0,81,0,46,4,36,35,0,0
1143,51,0,102,0,52,12,51,50,0,0
1144,44,1,80,0,44,17,36,36,0,0
1145,37,0,83,-1,10,0,46,72,26,0
1146,49,2,84,0,50,10,35,35,0,0
1147,37,0,104,0,34,5,67,71,4,0
1148,45,0,106,-4,44,0,61,62,2,0
1149,37,0,78,0,12,-14,41,65,24,0
1150,44,2,83,0,44,0,39,39,0,0
1151,49,0,81,0,50,14,33,32,0,0
1152,37,0,104,0,20,-14,67,84,16,0
1153,45,0,82,4,44,-17,37,38,2,0
1154,37,0,78,0,16,24,41,63,22,0
1155,41,0,89,0,42,20,48,48,0,0
1156,52,0,86,-4,52,0,33,34,0,0
1157,40,0,86,0,42,31,46,45,0,0
1158,45,0,84,1,44,0,39,40,2,0
1159,37,0,79,0,18,-26,43,61,18,0
1160,49,3,87,0,46,-6,38,41,2,0
1161,37,0,79,0,34,6,43,46,2,0
1162,37,0,78,-7,-6,0,41,86,44,0
1163,45,2,93,-3,44,0,48,49,0,0
1164,42,-4,108,0,42,0,66,66,0,0
1165,56,0,86,4,54,-24,31,32,2,0
1166,44,0,81,-2,44,9,37,37,0,0
1167,37,0,81,0,28,13,44,52,8,0
1168,44,0,83,0,44,17,39,39,0,0
1169,37,-3,81,0,36,-2,44,44,0,0
1170,37,0,97,0,28,-16,60,69,8,0
1171,43,-3,79,0,42,-16,35,37,2,0
1172,37,4,78,-1,16,0,41,63,22,0
1173,46,0,89,-1,46,4,43,42,0,0
1174,56,0,87,0,56,17,31,30,0,0
1175,38,1,76,0,38,7,38,37,0,0
1176,43,0,81,0,44,26,38,37,0,0
1177,37,0,77,4,-10,0,41,88,46,0
1178,37,0,93,5,28,2,56,65,8,0
1179,53,1,78,0,52,-2,25,26,2,0
1180,45,0,83,0,46,10,37,36,0,0
1181,46,3,84,-5,46,8,39,38,0,0
1182,44,0,78,0,44,4,34,34,0,0
1183,37,-1,106,0,34,1,69,72,4,0
1184,37,0,77,-5,16,0,40,62,22,0
1185,53,0,83,0,52,-21,30,32,2,0
1186,37,0,77,-2,34,-898,41,44,2,0
1187,45,3,86,1,44,0,42,42,0,0
1188,45,2,80,5,44,0,35,36,0,0
1189,43,0,83,1,44,25,40,39,0,0
1190,37,0,94,0,8,-9,57,86,30,0
1191,45,1,76,-3,44,0,31,32,0,0
1192,43,0,77,0,42,-14,34,35,2,0
1193,37,0,76,-2,26,0,39,50,12,0
1194,46,0,86,3,46,1,40,39,0,0
1195,37,0,79,4,10,-10,42,69,26,0
1196,49,-1,79,0,46,-11,31,33,2,0
1197,37,0,81,-2,36,-17,43,44,2,0
1198,57,0,86,1,56,0,29,29,0,0
1199,37,0,81,0,26,-4,44,55,10,0
1200,41,1,88,-3,38,0,48,50,2,0
1201,44,0,83,0,42,-14,40,42,2,0
1202,50,2,107,0,50,0,56,58,2,0
1203,45,0,88,-1,44,-1,44,44,0,0
1204,41,2,76,0,42,11,34,34,0,0
1205,38,-2,92,0,24,-11,54,69,14,0
1206,37,0,78,0,30,5,41,47,6,0
1207,56,-3,96,0,54,29,40,42,2,0
1208,41,0,83,3,42,27,42,42,0,0
1209,44,0,86,0,42,-25,42,44,2,0
1210,52,0,86,0,52,-3,33,34,0,0
1211,37,-7,77,0,20,0,40,56,16,0
1212,44,3,81,0,44,15,37,37,0,0
1213,40,5,106,0,38,0,65,67,2,0
1214,43,-2,89,0,42,0,46,48,2,0
1215,37,0,76,0,36,-14,39,40,2,0
1216,37,0,76,0,30,-30,39,45,6,0
1217,45,1,81,-5,44,0,36,37,0,0
1218,45,0,82,-38,44,0,37,38,0,0
1219,51,1,78,0,50,0,27,29,2,0
1220,51,0,83,0,50,-3,32,34,2,0
1221,37,0,77,0,30,22,40,46,6,0
1222,37,0,78,0,18,16,41,60,18,0
1223,37,0,76,0,20,16,40,55,16,0
1224,54,-4,86,0,54,0,32,32,0,0
1225,51,0,86,-7,52,0,35,35,0,0
1226,46,1,81,1,46,15,35,35,0,0
1227,37,0,106,-1,34,-2,69,72,4,0
1228,37,-1,79,0,36,-1,42,43,0,0
1229,37,0,95,0,20,-17,58,75,16,0
1230,49,0,86,0,50,78,37,37,0,0
1231,44,0,86,0,42,-17,43,45,2,0
1232,63,0,111,8,62,0,48,49,2,0
1233,46,0,78,0,46,1,32,32,0,0
1234,56,-1,81,0,54,-16,25,26,2,0
1235,42,4,77,0,42,0,35,36,2,0
1236,41,-2,84,0,42,10,43,43,0,0
1237,46,0,93,0,44,-24,48,50,2,0
1238,37,0,81,4,8,0,44,73,28,0
1239,37,0,82,0,34,-20,45,48,4,0
1240,37,0,79,0,10,-22,43,69,26,0
1241,44,5,80,0,44,1,36,36,0,0
1242,37,0,80,0,18,7,43,62,18,0
1243,45,0,77,3,44,0,32,33,2,0
1244,46,2,88,0,46,14,42,41,0,0
1245,43,0,86,-8,44,15,42,42,0,0
1246,50,1,78,-3,50,0,28,29,2,0
1247,51,0,78,0,52,5,27,26,0,0
1248,51,4,83,0,50,-12,31,33,2,0
1249,49,0,95,6,50,15,47,46,0,0
1250,56,0,86,0,56,19,31,30,0,0
1251,44,2,81,0,44,8,37,37,0,0
1252,54,0,84,3,54,0,31,30,0,0
1253,37,0,77,0,8,-30,41,70,28,0
1254,52,-1,86,0,52,0,34,35,0,0
1255,37,0,97,0,36,-3,60,61,2,0
1256,43,0,83,0,42,-1,40,42,2,0
1257,45,0,76,0,44,-11,31,32,2,0
1258,53,4,84,0,52,-16,32,33,2,0
1259,43,0,85,1,42,-1,42,44,2,0
1260,51,0,86,0,50,-17,35,37,2,0
1261,51,0,81,3,50,-16,30,32,2,0
1262,47,2,90,0,46,0,43,43,0,0
1263,49,1,83,0,50,1,33,33,0,0
1264,37,-1,77,6,-2,0,39,79,40,0
1265,49,-5,80,0,50,3,31,31,0,0
1266,46,1,82,0,46,15,36,35,0,0
1267,37,0,93,0,30,3,56,62,6,0
1268,39,1,85,-7,38,0,46,46,0,0
1269,37,0,102,0,28,0,65,73,8,0
1270,56,0,96,0,54,13,40,42,2,0
1271,49,-1,80,0,50,0,31,31,0,0
1272,62,-1,108,1,60,0,46,49,2,0
1273,51,-1,79,0,50,-7,28,30,2,0
1274,44,-2,83,4,44,0,38,39,0,0
1275,37,0,78,0,20,-12,41,57,16,0
1276,49,2,78,0,50,22,29,29,0,0
1277,37,0,106,3,30,0,69,75,6,0
1278,41,0,100,0,38,-7,59,61,2,0
1279,37,0,83,0,34,-7,46,49,2,0
1280,37,0,76,-3,20,-6,40,55,16,0
1281,42,0,79,5,42,0,37,38,2,0
1282,42,0,77,-12,42,0,35,36,2,0
1283,37,0,81,0,24,-30,45,58,14,0
1284,53,-5,83,0,52,-29,30,32,2,0
1285,51,0,88,0,50,-22,36,39,2,0
1286,50,-1,90,2,50,0,39,41,2,0
1287,37,5,104,0,18,15,66,86,20,0
1288,37,0,76,0,18,6,39,58,18,0
1289,41,0,79,8,38,-18,38,40,2,0
1290,49,0,106,-3,46,-21,57,59,2,0
1291,37,0,80,0,16,-3,43,65,22,0
1292,37,0,108,0,34,-20,71,75,4,0
1293,37,1,97,0,30,-8,60,66,6,0
1294,37,0,78,0,18,19,41,60,18,0
1295,42,-5,77,0,42,0,35,36,2,0
1296,37,0,96,0,34,15,59,62,4,0
1297,56,0,85,0,56,4,29,28,0,0
1298,37,-1,76,0,38,23,38,37,0,0
1299,48,-2,87,0,50,29,39,38,0,0
1300,37,0,81,-7,30,0,45,50,6,0
1301,42,5,79,6,42,0,36,37,2,0
1302,38,1,105,0,38,22,67,66,0,0
1303,46,4,76,8,46,14,30,30,0,0
1304,47,2,90,0,46,0,44,44,0,0
1305,53,-1,86,0,54,3,33,32,0,0
1306,45,0,88,-2,46,22,42,41,0,0
1307,48,0,87,0,50,27,39,38,0,0
1308,45,0,81,0,46,17,35,34,0,0
1309,49,1,81,0,50,12,33,32,0,0
1310,37,3,75,0,28,0,38,46,8,0
1311,37,0,97,0,34,-27,59,63,4,0
1312,37,0,75,0,36,2,37,39,2,0
1313,42,3,78,-7,42,0,36,37,2,0
1314,49,-2,88,0,50,3,40,39,0,0
1315,46,0,89,2,46,0,43,42,0,0
1316,37,-1,76,-4,30,-7,40,45,6,0
1317,55,-4,96,0,54,0,41,42,2,0
1318,39,0,79,-2,38,0,40,41,0,0
1319,53,0,82,0,54,19,29,28,0,0
1320,49,5,78,0,46,-1,29,32,2,0
1321,49,-1,88,0,50,7,39,39,0,0
1322,49,2,82,0,50,5,33,33,0,0
1323,46,0,86,4,46,0,41,40,0,0
1324,37,0,103,0,34,22,66,69,4,0
1325,42,0,80,-1,42,-2,38,39,0,0
1326,37,0,108,-3,30,0,71,77,6,0
1327,41,3,75,0,38,0,34,36,2,0
1328,38,2,77,0,38,8,40,39,0,0
1329,37,0,80,-1,12,-3,43,67,24,0
1330,49,0,83,0,50,6,34,33,0,0
1331,49,0,87,0,46,0,38,41,2,0
1332,51,0,89,3,52,0,38,37,0,0
1333,42,1,77,6,42,0,35,36,0,0
1334,49,0,85,0,46,-30,36,39,2,0
1335,37,-1,106,-4,36,-6,69,69,0,0
1336,41,0,82,0,38,-16,41,43,2,0
1337,37,0,76,0,34,-11,40,43,2,0
1338,53,0,82,0,54,31,29,28,0,0
1339,37,0,79,0,30,17,42,48,6,0
1340,51,1,83,0,50,-6,32,33,2,0
1341,43,0,80,0,44,21,37,36,0,0
1342,41,0,78,0,38,-3,37,39,2,0
1343,37,0,75,-1,28,0,38,46,8,0
1344,47,0,86,1,46,0,39,39,0,0
1345,37,2,104,0,24,1,66,80,14,0
1346,37,0,77,0,18,-1,40,59,18,0
1347,37,0,97,0,30,-19,60,66,6,0
1348,39,0,94,4,38,0,55,55,0,0
1349,50,0,86,-2,50,0,36,37,0,0
1350,51,0,86,-4,50,-8,36,37,2,0
1351,44,1,86,4,44,0,42,42,0,0
1352,45,0,77,0,46,18,31,30,0,0
1353,47,2,83,0,46,0,36,37,0,0
1354,37,0,78,0,20,-2,41,57,16,0
1355,44,0,77,0,44,19,33,33,0,0
1356,37,0,75,-2,30,-5,38,44,6,0
1357,56,-1,81,2,54,-11,25,26,2,0
1358,37,0,90,67,6,0,53,85,32,0
1359,37,0,82,0,36,19,45,46,2,0
1360,37,4,104,0,24,0,66,80,14,0
1361,44,3,83,0,44,0,39,39,0,0
1362,50,2,81,-1,50,0,31,32,0,0
1363,43,0,78,0,42,-21,35,37,2,0
1364,44,0,83,-2,44,2,39,39,0,0
1365,37,-3,77,0,36,-28,39,41,2,0
1366,48,3,83,6,46,0,35,37,2,0
1367,45,0,83,0,44,-3,37,39,2,0
1368,41,0,79,-5,42,27,38,37,0,0
1369,43,0,86,5,42,0,43,45,2,0
1370,44,5,87,-3,44,3,43,43,0,0
1371,48,0,82,2,46,0,34,35,2,0
1372,44,1,82,0,42,-14,38,41,2,0
1373,53,0,86,0,54,-1,32,32,0,0
1374,37,0,81,5,24,0,44,58,14,0
1375,38,0,96,0,36,-24,58,60,2,0
1376,37,0,78,3,16,0,41,63,22,0
1377,47,-5,108,0,46,0,62,62,0,0
1378,46,4,76,-4,46,0,29,29,0,0
1379,46,2,77,0,46,14,32,31,0,0
1380,44,4,79,0,44,11,35,35,0,0
1381,51,0,86,0,52,27,36,35,0,0
1382,37,0,95,0,24,0,58,72,14,0
1383,49,1,82,0,50,8,33,33,0,0
1384,40,0,77,2,38,0,37,38,2,0
1385,55,0,95,-1,54,0,40,41,2,0
1386,37,0,84,0,20,13,47,63,16,0
1387,47,4,78,2,46,0,31,32,0,0
1388,37,0,102,-3,36,0,64,66,2,0
1389,50,2,86,0,50,0,36,37,0,0
1390,53,-1,82,0,54,5,29,28,0,0
1391,42,0,77,-2,42,-4,35,36,0,0
1392,41,0,88,-2,42,19,48,47,0,0
1393,45,0,83,-2,44,-13,37,39,2,0
1394,45,0,88,0,44,-29,42,44,2,0
1395,56,0,95,-2,56,11,40,39,0,0
1396,37,-1,76,-3,36,-6,39,39,0,0
1397,37,0,81,0,10,19,44,70,26,0
1398,37,2,79,0,0,0,41,79,38,0
1399,43,-1,76,0,42,-19,33,35,2,0
1400,49,4,87,0,46,-4,38,41,2,0
1401,37,0,77,-2,38,20,39,38,0,0
1402,50,2,87,0,50,0,37,38,2,0
1403,42,0,85,-5,42,0,43,44,2,0
1404,39,-4,79,0,38,0,39,40,0,0
1405,53,0,85,0,52,-12,32,33,2,0
1406,46,0,83,0,46,2,37,37,0,0
1407,49,5,87,0,50,30,38,38,0,0
1408,42,0,77,-6,42,0,35,35,0,0
1409,47,0,86,-1,46,-2,38,39,0,0
1410,44,-16,88,0,44,0,44,44,0,0
1411,44,0,77,0,42,-22,34,36,2,0
1412,44,-2,79,-5,44,8,36,35,0,0
1413,49,-1,111,0,46,-23,62,64,2,0
1414,37,1,76,0,30,0,39,45,6,0
1415,40,-3,79,0,38,0,39,40,2,0
1416,56,0,92,0,56,5,35,35,0,0
1417,37,-5,109,0,36,-21,72,73,2,0
1418,43,0,77,5,42,-1,34,35,2,0
1419,37,0,80,6,8,0,43,72,28,0
1420,55,1,87,1,54,0,32,33,2,0
1421,41,4,88,0,42,1,47,47,0,0
1422,41,4,90,7,42,15,48,48,0,0
1423,41,0,84,5,38,-7,43,45,2,0
1424,40,0,83,0,38,0,43,44,2,0
1425,56,0,86,0,56,11,30,29,0,0
1426,55,0,87,0,54,-2,32,33,2,0
1427,56,-1,97,0,54,-4,41,42,2,0
1428,56,0,86,0,54,-19,30,32,2,0
1429,47,-4,84,-3,46,0,38,38,0,0
1430,59,1,86,0,56,-9,28,30,2,0
1431,45,4,79,0,44,0,34,35,2,0
1432,41,0,97,0,38,-7,56,58,2,0
1433,37,0,76,0,34,6,39,43,4,0
1434,37,0,77,0,-18,-8,40,95,54,0
1435,55,-2,81,0,54,-8,26,27,2,0
1436,42,0,81,0,42,82,39,40,0,0
1437,49,-4,78,0,50,2,29,29,0,0
1438,44,5,81,0,44,14,37,37,0,0
1439,44,0,86,3,44,4,43,42,0,0
1440,37,-1,77,-3,-20,15,41,98,58,0
1441,51,0,82,0,52,27,31,30,0,0
1442,46,-2,77,0,46,4,32,31,0,0
1443,53,2,79,0,54,4,25,24,0,0
1444,41,-2,86,0,38,-22,46,48,2,0
1445,37,0,95,6,10,0,58,85,28,0
1446,37,0,78,0,-2,24,41,81,40,0
1447,37,0,97,0,36,-13,60,61,2,0
1448,43,0,86,-4,42,0,44,45,2,0
1449,42,-4,108,0,42,0,65,66,2,0
1450,37,0,105,-3,18,0,68,87,18,0
1451,45,-3,87,0,44,-4,42,43,2,0
1452,45,1,85,5,44,0,40,41,2,0
1453,55,0,96,0,54,6,41,42,2,0
1454,55,0,108,-5,54,0,52,53,0,0
1455,49,0,100,0,46,-12,52,54,2,0
1456,47,5,83,2,46,0,36,37,0,0
1457,37,0,90,0,30,5,53,59,6,0
1458,53,-4,77,0,54,0,25,23,0,0
1459,37,0,97,1,24,11,60,74,14,0
1460,39,2,81,0,38,0,43,43,0,0
1461,49,1,79,1,46,-9,30,32,2,0
1462,66,0,109,0,64,-19,43,45,2,0
1463,44,1,77,0,42,-24,33,35,2,0
1464,44,0,81,0,44,11,37,37,0,0
1465,49,1,86,0,46,-1,38,40,2,0
1466,51,0,81,-3,52,8,30,30,0,0
1467,43,0,90,0,42,-11,47,49,2,0
1468,44,0,83,0,42,-27,39,41,2,0
1469,45,3,88,0,44,0,43,44,0,0
1470,37,0,79,0,8,-18,42,71,30,0
1471,37,0,77,0,-24,-8,41,103,62,0
1472,37,0,79,0,36,6,41,43,2,0
1473,49,0,88,1,46,-26,39,41,2,0
1474,45,0,86,-5,44,8,40,42,2,0
1475,55,0,86,-7,54,0,31,32,0,0
1476,37,0,77,0,36,-10,39,41,2,0
1477,56,1,95,0,56,10,39,39,0,0
1478,55,2,86,0,54,0,32,32,0,0
1479,45,4,87,0,44,0,43,43,0,0
1480,43,0,88,0,44,23,45,44,0,0
1481,37,0,76,6,34,-20,39,43,4,0
1482,37,0,92,0,26,25,55,66,12,0
1483,38,0,92,0,24,17,54,69,14,0
1484,37,0,81,-1,10,0,44,70,26,0
1485,42,0,79,0,42,3,37,37,0,0
1486,45,0,82,-15,44,0,37,38,0,0
1487,41,0,86,-7,42,26,45,44,0,0
1488,37,0,105,1,20,0,68,84,16,0
1489,37,0,96,0,20,0,59,75,16,0
1490,37,0,79,0,6,-30,42,74,32,0
1491,42,0,81,0,42,42,39,40,0,0
1492,42,0,83,-1,42,0,40,41,2,0
1493,44,5,83,0,44,0,38,39,0,0
1494,44,-1,82,0,44,2,38,38,0,0
1495,46,0,107,-3,46,1,61,60,0,0
1496,39,0,78,6,38,0,39,39,0,0
1497,37,0,105,6,24,29,68,82,14,0
1498,37,0,79,0,28,-9,42,50,8,0
1499,64,0,113,0,64,11,48,48,0,0
1500,46,0,81,0,44,-26,35,37,2,0
1501,41,2,83,1,38,-3,42,44,2,0
1502,37,-2,107,0,36,-19,69,71,2,0
1503,37,0,97,-1,18,-1,60,79,18,0
1504,39,0,81,-1,38,-1,43,43,0,0
1505,43,0,89,0,44,24,46,45,0,0
1506,41,3,84,0,38,0,44,46,2,0
1507,43,-2,77,0,44,18,34,34,0,0
1508,53,-3,78,0,52,-24,25,26,2,0
1509,37,0,79,1,12,-2,43,66,24,0
1510,49,-1,77,-1,46,-13,29,31,2,0
1511,37,0,79,-1,26,9,43,54,10,0
1512,44,0,91,-5,44,0,47,47,0,0
1513,44,1,81,0,44,9,37,37,0,0
1514,41,1,82,0,38,-18,41,43,2,0
1515,38,0,78,0,38,6,40,39,0,0
1516,38,0,76,-6,38,0,37,37,0,0
1517,47,0,79,0,46,0,32,33,0,0
1518,37,-4,90,0,20,0,53,69,16,0
1519,45,0,109,0,46,23,64,63,0,0
1520,37,3,77,0,36,15,40,41,0,0
1521,37,-2,77,0,36,-24,40,41,2,0
1522,49,0,86,0,46,-11,38,40,2,0
1523,37,0,76,0,30,27,39,45,6,0
1524,46,2,81,0,46,3,35,34,0,0
1525,47,0,106,0,46,0,60,60,0,0
1526,37,0,84,0,18,-5,47,66,18,0
1527,51,0,81,-1,52,5,30,30,0,0
1528,44,0,76,0,44,6,32,32,0,0
1529,40,-1,100,0,38,0,61,62,2,0
1530,48,5,83,8,46,0,35,37,2,0
1531,54,2,83,0,54,0,28,28,0,0
1532,37,0,75,-3,24,0,38,52,14,0
1533,54,0,81,-1,54,0,27,27,0,0
1534,53,0,82,0,54,26,29,28,0,0
1535,37,0,75,0,18,-4,38,57,18,0
1536,41,0,79,-3,38,-22,38,40,2,0
1537,53,-2,83,0,52,-24,30,32,2,0
1538,44,0,84,-1,44,0,40,40,0,0
1539,48,5,86,0,46,0,39,40,2,0
1540,37,0,78,0,18,-4,42,60,18,0
1541,56,0,97,0,54,1,41,43,2,0
1542,49,4,78,0,50,21,29,29,0,0
1543,37,0,104,0,18,9,66,86,20,0
1544,39,0,77,2,38,0,37,38,0,0
1545,47,0,79,7,46,0,32,32,0,0
1546,39,2,75,0,38,0,35,36,0,0
1547,46,2,83,0,44,-25,37,39,2,0
1548,52,0,83,0,52,-2,30,31,0,0
1549,43,0,79,0,42,-16,36,38,2,0
1550,37,0,79,-4,34,0,42,45,2,0
1551,42,0,81,0,42,5,39,39,0,0
1552,45,-4,86,0,44,-17,41,42,2,0
1553,53,0,104,1,52,-29,51,52,2,0
1554,37,0,79,0,12,16,42,66,24,0
1555,42,3,83,4,42,0,41,42,0,0
1556,48,-3,77,0,46,-1,29,31,2,0
1557,37,-5,79,0,38,12,41,40,0,0
1558,49,1,80,0,46,-18,31,34,2,0
1559,55,-2,83,0,54,0,29,29,0,0
1560,55,-1,95,0,54,0,40,41,2,0
1561,37,0,78,0,18,3,41,60,18,0
1562,40,1,81,0,38,0,40,42,2,0
1563,41,0,88,0,38,-10,47,49,2,0
1564,37,0,80,0,12,4,43,67,24,0
1565,46,-5,107,0,46,0,61,60,0,0
1566,51,-2,102,0,52,19,51,50,0,0
1567,37,0,75,0,28,-7,38,46,8,0
1568,41,3,82,0,38,-26,41,43,2,0
1569,49,4,85,0,50,5,36,36,0,0
1570,49,0,107,0,46,-3,58,60,2,0
1571,56,0,83,0,56,6,26,26,0,0
1572,39,-5,81,0,38,0,43,43,0,0
1573,49,0,89,0,50,18,40,40,0,0
1574,53,-1,84,0,52,-27,31,32,2,0
1575,37,0,76,-4,28,0,40,48,8,0
1576,37,0,76,0,36,6,38,39,2,0
1577,38,3,76,0,38,0,37,37,0,0
1578,41,0,77,0,38,-15,37,39,2,0
1579,53,0,81,0,54,8,28,27,0,0
1580,41,1,88,0,38,-18,47,50,2,0
1581,37,0,79,0,12,10,42,66,24,0
1582,37,0,77,-2,28,-10,40,48,8,0
1583,37,0,76,0,34,30,39,42,2,0
1584,51,0,84,0,50,-4,34,35,2,0
1585,47,0,86,-4,46,0,39,39,0,0
1586,39,-2,79,5,38,0,40,41,0,0
1587,37,0,76,-1,20,-2,39,55,16,0
1588,58,0,87,5,56,0,30,30,0,0
1589,51,0,87,-4,52,1,36,35,0,0
1590,51,0,87,2,52,16,36,35,0,0
1591,56,1,91,0,56,1,35,34,0,0
1592,37,-4,75,0,34,0,38,41,4,0
1593,37,0,76,-6,36,4,40,40,0,0
1594,49,-3,89,0,50,0,40,40,0,0
1595,41,0,78,0,38,-18,37,39,2,0
1596,37,0,77,0,34,-4,40,44,4,0
1597,37,0,77,-1,20,0,40,56,16,0
1598,49,0,79,0,46,-2,30,32,2,0
1599,53,0,79,0,52,-21,26,27,2,0
1600,41,-3,76,0,38,-19,35,37,2,0
1601,37,0,106,-2,28,-1,69,77,8,0
1602,43,0,84,0,42,-13,41,43,2,0
1603,41,-1,86,0,38,-5,45,47,2,0
1604,37,0,78,0,10,-2,41,68,26,0
1605,55,0,93,1,54,0,38,39,2,0
1606,43,0,76,0,42,-9,32,34,2,0
1607,37,-1,81,0,38,6,43,42,0,0
1608,47,0,86,-6,46,0,39,39,0,0
1609,37,0,76,0,36,-16,39,40,2,0
1610,37,0,94,0,10,24,57,84,26,0
1611,51,-4,78,0,52,0,27,26,0,0
1612,53,3,86,0,54,0,32,32,0,0
1613,53,2,88,0,52,-12,35,36,2,0
1614,43,5,76,0,42,0,32,34,2,0
1615,37,0,83,0,0,-29,46,83,36,0
1616,51,0,87,0,50,-9,36,38,2,0
1617,47,1,84,-7,46,0,37,38,0,0
1618,41,0,86,0,38,-21,46,48,2,0
1619,55,3,83,0,54,0,27,28,2,0
1620,42,0,79,-4,42,0,37,38,0,0
1621,53,1,86,-1,54,2,32,32,0,0
1622,52,0,79,0,54,25,26,24,0,0
1623,55,3,82,0,54,0,27,28,0,0
1624,43,-2,76,0,42,-12,33,35,2,0
1625,37,0,75,0,24,-3,38,52,14,0
1626,37,0,78,0,-6,-26,42,86,44,0
1627,43,-2,86,-5,44,21,42,42,0,0
1628,46,0,87,0,44,-13,41,43,2,0
1629,44,0,91,-1,44,0,47,47,0,0
1630,41,1,76,0,42,6,34,34,0,0
1631,41,0,76,0,38,-26,35,37,2,0
1632,45,2,77,0,44,0,31,33,2,0
1633,44,-3,82,0,44,0,38,38,0,0
1634,37,0,77,2,24,-24,40,54,14,0
1635,42,0,81,0,42,6,39,40,0,0
1636,48,-4,88,0,46,0,40,42,2,0
1637,37,0,79,0,36,24,41,43,2,0
1638,51,4,78,0,50,-18,27,29,2,0
1639,37,-5,81,7,36,0,44,44,0,0
1640,37,0,77,0,26,-4,40,51,12,0
1641,56,0,92,0,54,7,36,38,2,0
1642,41,0,82,-4,38,-8,41,43,2,0
1643,41,-4,78,-3,42,-5,37,37,0,0
1644,50,3,95,-6,50,0,45,46,0,0
1645,38,-3,81,0,38,0,43,43,0,0
1646,52,-2,81,0,52,-3,29,30,0,0
1647,52,0,77,-2,52,0,26,26,0,0
1648,37,0,78,0,34,-1,41,45,4,0
1649,45,0,81,0,44,-1,36,37,0,0
1650,42,0,76,-3,42,-5,34,35,2,0
1651,44,2,85,0,44,3,41,41,0,0
1652,41,0,88,-4,42,19,48,47,0,0
1653,42,1,88,0,42,0,47,47,0,0
1654,50,1,78,-4,50,0,29,29,0,0
1655,37,1,90,-2,6,0,53,85,32,0
1656,41,-1,78,-5,38,-11,37,39,2,0
1657,50,-1,87,0,50,0,37,38,0,0
1658,55,0,87,0,54,-4,32,33,2,0
1659,53,0,79,0,54,11,26,24,0,0
1660,37,0,77,0,16,12,40,61,22,0
1661,37,0,97,0,18,-21,60,79,18,0
1662,53,0,87,0,52,-16,34,35,2,0
1663,37,0,97,0,28,-15,60,69,8,0
1664,37,0,81,-5,38,14,43,42,0,0
1665,42,0,82,0,42,0,40,41,0,0
1666,41,-1,78,0,38,-23,37,39,2,0
1667,44,1,87,0,44,16,43,43,0,0
1668,56,0,79,0,56,5,24,23,0,0
1669,56,-5,86,0,56,0,29,29,0,0
1670,37,0,106,0,26,11,68,80,12,0
1671,46,0,83,0,46,13,37,36,0,0
1672,46,0,83,2,46,0,37,36,0,0
1673,46,3,108,0,46,11,62,61,0,0
1674,37,0,80,0,36,30,43,44,2,0
1675,42,-5,79,0,42,0,36,37,2,0
1676,53,0,81,0,52,-21,28,30,2,0
1677,55,-4,78,0,56,30,23,21,0,0
1678,56,0,86,0,56,6,31,30,0,0
1679,53,4,81,0,54,6,28,27,0,0
1680,46,0,86,-4,46,0,40,40,0,0
1681,41,0,81,-2,42,-4,40,40,0,0
1682,39,0,78,0,38,0,39,39,0,0
1683,59,0,108,0,56,-13,49,51,2,0
1684,37,0,80,3,26,1,43,54,12,0
1685,39,0,81,-5,38,0,41,42,0,0
1686,51,-2,82,0,52,23,31,30,0,0
1687,41,0,84,2,38,-9,43,45,2,0
1688,37,0,78,0,-4,28,41,83,42,0
1689,44,-4,77,0,44,21,33,33,0,0
1690,37,5,108,0,36,0,71,72,0,0
1691,53,1,86,0,54,12,33,32,0,0
1692,39,16,77,0,28,0,37,48,12,0
1693,37,2,76,0,34,0,39,43,4,0
1694,38,4,77,0,38,10,39,38,0,0
1695,56,0,87,0,56,14,31,30,0,0
1696,38,1,92,0,12,16,54,79,24,0
1697,52,-5,87,2,52,-4,35,35,0,0
1698,56,-5,87,0,56,0,31,30,0,0
1699,58,0,86,-6,56,0,28,29,0,0
1700,37,0,105,0,24,18,68,82,14,0
1701,45,0,84,0,44,-6,40,41,2,0
1702,54,0,108,5,54,0,54,54,0,0
1703,41,0,84,0,42,17,44,43,0,0
1704,37,0,95,1,10,5,57,84,28,0
1705,64,3,113,0,64,22,48,48,0,0
1706,81,-5,84,0,-22,-6,4,108,104,1
1707,103,-1,104,-4,72,10,1,31,30,1
1708,86,5,89,0,2,-5,3,86,84,1
1709,106,0,108,-3,70,-4,1,38,36,1
1710,79,0,83,0,-46,-29,4,130,126,1
1711,83,0,87,0,-40,0,4,128,124,1
1712,84,-3,88,0,6,0,5,83,78,1
1713,101,5,102,0,72,14,1,29,28,1
1714,79,-1,83,-10,436,6339,4,-353,-356,1
1715,105,1,106,0,70,-3,1,36,34,1
1716,108,0,108,-6,72,7,1,36,36,1
1717,102,-4,104,0,70,0,1,34,32,1
1718,82,-1,86,0,-12,0,4,99,94,1
1719,103,2,105,9,70,0,2,35,34,1
1720,105,-5,106,-7,70,0,1,36,34,1
1721,102,0,103,0,70,-25,1,33,32,1
1722,81,0,84,0,-20,24,4,105,102,1
1723,80,1,84,0,-36,0,4,121,116,1
1724,82,0,86,0,-12,-9,3,99,96,1
1725,101,0,102,0,72,38,1,30,28,1
1726,85,1,88,0,0,-1,3,88,86,1
1727,80,1,84,3,-42,-26,5,128,124,1
1728,85,0,88,0,0,-9,3,88,86,1
1729,76,-5,80,0,-40,0,4,121,116,1
1730,82,-1,86,0,-2,25,3,88,84,1
1731,106,2,108,8,70,-30,2,38,36,1
1732,106,-2,108,0,70,0,1,38,36,1
1733,81,-5,86,0,-22,0,4,109,104,1
1734,76,3,80,0,-40,0,4,121,118,1
1735,84,0,88,0,-2,-19,3,90,88,1
1736,82,0,87,1,-40,4,5,128,124,1
1737,101,0,102,0,72,15,1,29,28,1
1738,85,0,88,4,6,0,3,83,80,1
1739,78,1,82,4,-42,0,4,126,122,1
1740,78,5,81,0,-42,0,4,125,122,1
1741,83,0,86,0,-4,19,3,92,88,1
1742,102,0,103,3,72,25,1,31,30,1
1743,106,4,108,2,70,0,1,38,36,1
1744,83,0,86,0,-4,-12,3,92,88,1
1745,81,0,86,6,-40,6,5,127,122,1
1746,84,0,87,-6,0,2,3,87,84,1
1747,84,0,88,1,0,0,3,88,84,1
1748,82,2,86,0,-22,10,4,109,106,1
1749,102,5,104,4,70,-2,1,34,32,1
1750,80,-5,84,-6,-40,1,4,126,122,1
1751,107,0,108,1,72,8,1,36,34,1
1752,77,2,81,0,-42,0,4,125,122,1
1753,76,-3,81,0,-40,18,5,122,116,1
1754,107,4,108,-1,70,-1,1,38,36,1
1755,82,0,86,0,-10,0,4,96,92,1
1756,102,2,102,0,70,-5,1,33,32,1
1757,102,0,103,2,70,-6,1,33,32,1
1758,84,1,87,0,-2,0,3,90,86,1
1759,105,0,106,8,70,0,2,36,34,1
1760,82,3,86,5,-40,0,5,128,124,1
1761,79,-1,83,0,-40,0,4,125,120,1
1762,84,0,88,0,2,0,3,85,82,1
1763,81,1,86,0,-40,2,4,127,122,1
1764,102,0,103,0,72,13,1,31,30,1
1765,79,0,83,0,-40,0,4,124,120,1
1766,85,-4,88,0,2,2,3,86,82,1
1767,82,1,86,3,-40,5,5,128,124,1
1768,85,-1,88,0,2,-8,3,86,82,1
1769,102,0,103,3,70,-1,1,33,32,1
1770,85,0,88,0,2,17,3,86,82,1
1771,102,0,103,0,70,-10,1,33,32,1
1772,76,2,81,0,-40,0,4,122,118,1
1773,76,0,80,-5,-40,0,4,121,118,1
1774,85,0,88,-587,0,0,3,88,84,1
1775,85,0,88,0,6,-1,3,83,80,1
1776,106,0,107,-1,72,3,1,35,34,1
1777,76,0,80,-7,-42,-11,4,124,120,1
1778,123,1409,105,1,36,-5,-18,69,86,1
1779,82,0,85,0,-6,17,3,93,90,1
1780,80,4,84,0,-28,0,4,112,108,1
1781,84,-2,88,0,6,0,4,83,78,1
1782,80,1,84,0,-28,-6,4,112,108,1
1783,85,0,88,0,2,21,3,86,82,1
1784,82,0,85,0,-10,-17,3,95,92,1
1785,84,-1,88,-3,-2,-13,3,90,88,1
1786,85,0,88,0,2,-26,3,86,82,1
1787,85,0,88,0,0,-17,3,88,86,1
1788,76,2,81,-4,-42,-1,5,125,120,1
1789,82,0,87,2,-40,7,5,128,124,1
1790,80,0,85,5,-40,8,5,126,122,1
1791,106,4,107,2,70,0,1,37,36,1
1792,107,-1,108,-1,72,16,1,36,34,1
1793,84,0,88,-2,6,-6,5,83,78,1
1794,104,0,105,0,72,11,1,33,32,1
1795,81,0,84,2,-14,0,4,100,96,1
1796,123,275,105,0,36,-2,-18,69,86,1
1797,81,5,84,0,-20,0,4,105,102,1
1798,84,9,89,0,6,-9,5,84,78,1
1799,80,0,84,1,-28,0,4,112,108,1
1800,107,0,108,7,70,0,1,38,36,1
1801,81,1,86,0,-40,5,4,127,122,1
1802,80,3,84,0,-42,0,4,128,124,1
1803,85,0,88,-7,0,0,3,88,84,1
1804,84,0,88,0,0,18,3,88,84,1
1805,102,-1,104,0,72,12,1,31,30,1
1806,79,0,83,0,-28,21,4,112,108,1
1807,102,-1,104,0,70,0,1,34,32,1
1808,80,-1,84,-6,-36,0,4,120,116,1
1809,79,0,83,0,-30,-8,4,114,110,1
1810,103,4,104,8,70,0,1,35,34,1
1811,82,-5,87,0,-40,0,5,128,124,1
1812,79,-1,83,-2,-40,3,4,124,120,1
1813,101,0,102,0,72,4,1,29,28,1
1814,74,3,79,7,-42,0,4,123,118,1
1815,79,0,83,0,-28,27,4,112,108,1
1816,106,-3,107,-5,72,0,1,35,34,1
1817,78,1,82,1,-40,7,4,123,120,1
1818,103,5,104,-1,70,-2,1,35,34,1
1819,74,8,78,10,-42,-2,4,122,118,1
1820,82,-2,86,0,-10,1,4,96,92,1
1821,104,5,105,5,70,0,1,35,34,1
1822,81,-1,85,-2,-40,0,4,126,122,1
1823,83,2,86,0,-2,0,3,88,86,1
1824,75,0,80,4,-42,0,5,124,120,1
1825,85,0,88,0,2,-17,3,86,82,1
1826,81,0,86,0,-40,2,4,127,122,1
1827,84,0,88,0,-2,-12,3,90,88,1
1828,104,0,105,0,70,0,1,35,34,1
