,Unnamed: 0,Unnamed: 0.1,Mcg,Gvh,Alm,Mit,Erl,Pox,Vac,Nuc,Class
0,0,0,0.64,0.62,0.49,0.15,0.5,0.0,0.53,0.22,0
1,1,1,0.58,0.44,0.57,0.13,0.5,0.0,0.54,0.22,0
2,2,2,0.42,0.44,0.48,0.54,0.5,0.0,0.48,0.22,0
3,3,3,0.51,0.4,0.56,0.17,0.5,0.5,0.49,0.22,0
4,4,4,0.5,0.54,0.48,0.65,0.5,0.0,0.53,0.22,0
5,5,5,0.48,0.45,0.59,0.2,0.5,0.0,0.58,0.34,0
6,6,6,0.55,0.5,0.66,0.36,0.5,0.0,0.49,0.22,0
7,7,7,0.4,0.39,0.6,0.15,0.5,0.0,0.58,0.3,0
8,8,8,0.42,0.37,0.59,0.2,0.5,0.0,0.52,0.29,0
9,9,9,0.4,0.42,0.57,0.35,0.5,0.0,0.53,0.25,0
10,10,10,0.66,0.55,0.45,0.19,0.5,0.0,0.46,0.22,0
11,11,11,0.46,0.44,0.52,0.11,0.5,0.0,0.5,0.22,0
12,12,12,0.47,0.39,0.5,0.11,0.5,0.0,0.49,0.4,0
13,13,13,0.58,0.47,0.54,0.11,0.5,0.0,0.51,0.26,0
14,14,14,0.5,0.34,0.55,0.21,0.5,0.0,0.49,0.22,0
15,15,15,0.61,0.6,0.55,0.21,0.5,0.0,0.5,0.25,0
16,16,16,0.45,0.4,0.5,0.16,0.5,0.0,0.5,0.22,0
17,17,17,0.43,0.44,0.48,0.22,0.5,0.0,0.51,0.22,0
18,18,18,0.73,0.63,0.42,0.3,0.5,0.0,0.49,0.22,0
19,19,19,0.43,0.53,0.52,0.13,0.5,0.0,0.55,0.22,0
20,20,20,0.46,0.53,0.52,0.15,0.5,0.0,0.58,0.22,0
21,21,21,0.51,0.51,0.52,0.51,0.5,0.0,0.54,0.22,0
22,22,22,0.59,0.45,0.53,0.19,0.5,0.0,0.59,0.27,0
23,23,23,0.53,0.54,0.43,0.1,0.5,0.0,0.57,0.32,0
24,24,24,0.51,0.51,0.43,0.87,0.5,0.0,0.52,0.22,0
25,25,25,0.38,0.61,0.61,0.12,0.5,0.0,0.53,0.47,0
26,26,26,0.33,0.55,0.51,0.43,0.5,0.0,0.51,0.22,0
27,27,27,0.78,0.74,0.42,0.26,0.5,0.0,0.43,0.22,0
28,28,28,0.59,0.53,0.43,0.44,0.5,0.0,0.5,0.22,0
29,29,29,0.57,0.53,0.53,0.34,0.5,0.0,0.53,0.22,0
30,30,30,0.86,0.68,0.39,0.24,0.5,0.0,0.54,0.22,0
31,31,31,0.41,0.54,0.39,0.2,0.5,0.0,0.51,0.22,1
32,32,32,0.53,0.31,0.58,0.39,0.5,0.0,0.47,0.37,0
33,33,33,0.74,0.75,0.58,0.47,0.5,0.0,0.4,0.35,0
34,34,34,0.49,0.39,0.52,0.29,0.5,0.0,0.48,0.22,0
35,35,35,0.74,0.57,0.51,0.28,0.5,0.0,0.58,0.22,0
36,36,36,0.42,0.24,0.34,0.16,0.5,0.0,0.5,0.22,1
37,37,37,0.48,0.39,0.51,0.21,0.5,0.0,0.52,0.28,0
38,38,38,0.41,0.53,0.45,0.14,0.5,0.0,0.52,0.66,1
39,39,39,0.45,0.46,0.55,0.43,0.5,0.0,0.55,0.38,0
40,40,40,0.56,0.48,0.58,0.27,0.5,0.0,0.51,0.22,0
41,41,41,0.64,0.59,0.56,0.23,0.5,0.0,0.46,0.22,0
42,42,42,0.64,0.56,0.56,0.22,0.5,0.0,0.45,0.22,0
43,43,43,0.66,0.62,0.49,0.1,0.5,0.0,0.49,0.22,0
44,44,44,0.53,0.44,0.51,0.33,0.5,0.0,0.55,0.22,0
45,45,45,0.38,0.49,0.53,0.19,0.5,0.0,0.5,0.22,0
46,46,46,0.43,0.35,0.52,0.52,0.5,0.0,0.54,0.22,0
47,47,47,0.37,0.32,0.47,0.18,0.5,0.0,0.45,0.25,0
48,48,48,0.48,0.43,0.51,0.32,0.5,0.0,0.52,0.43,0
49,49,49,0.6,0.47,0.45,0.22,0.5,0.0,0.51,0.29,0
50,50,50,0.34,0.46,0.57,0.09,0.5,0.0,0.55,0.22,0
51,51,51,0.48,0.54,0.55,0.12,0.5,0.0,0.51,0.22,0
52,52,52,0.47,0.39,0.59,0.15,0.5,0.0,0.57,0.22,0
53,53,53,0.48,0.42,0.52,0.24,0.5,0.0,0.56,0.22,0
54,54,54,0.58,0.51,0.49,0.27,0.5,0.0,0.57,0.29,0
55,55,55,0.6,0.5,0.44,0.61,0.5,0.0,0.47,0.22,0
56,56,56,0.45,0.55,0.54,0.66,0.5,0.0,0.47,0.22,0
57,57,57,0.46,0.49,0.58,0.23,0.5,0.0,0.44,0.22,0
58,58,58,0.5,0.54,0.53,0.54,0.5,0.0,0.51,0.27,0
59,59,59,0.63,0.57,0.59,0.4,0.5,0.0,0.38,0.22,0
60,60,60,0.43,0.57,0.51,0.49,0.5,0.0,0.48,0.22,0
61,61,61,0.48,0.45,0.55,0.5,0.5,0.0,0.53,0.22,0
62,62,62,0.51,0.54,0.6,0.57,0.5,0.0,0.58,0.22,0
63,63,63,0.54,0.52,0.63,0.37,0.5,0.0,0.46,0.22,0
64,64,64,0.28,0.58,0.21,0.13,0.5,0.0,0.51,0.22,1
65,65,65,0.39,0.44,0.35,0.16,0.5,0.0,0.55,0.22,1
66,66,66,0.8,0.63,0.45,0.29,0.5,0.0,0.51,0.22,0
67,67,67,0.5,0.52,0.59,0.3,0.5,0.0,0.51,0.35,0
68,68,68,0.36,0.46,0.62,0.46,0.5,0.0,0.51,0.33,0
69,69,69,0.46,0.38,0.47,0.22,0.5,0.0,0.52,0.27,0
70,70,70,0.4,0.45,0.56,0.2,0.5,0.0,0.45,0.22,0
71,71,71,0.49,0.61,0.49,0.25,0.5,0.0,0.5,0.28,0
72,72,72,0.38,0.5,0.37,0.26,0.5,0.0,0.43,0.22,1
73,73,73,0.69,0.7,0.52,0.36,0.5,0.0,0.46,0.22,0
74,74,74,0.78,0.75,0.4,0.28,0.5,0.0,0.53,0.22,0
75,75,75,0.64,0.57,0.57,0.27,0.5,0.0,0.37,0.22,0
76,76,76,0.36,0.58,0.35,0.24,0.5,0.0,0.44,0.22,1
77,77,77,0.36,0.43,0.39,0.12,0.5,0.0,0.49,0.22,1
78,78,78,0.47,0.52,0.5,0.4,0.5,0.0,0.41,0.22,0
79,79,79,0.48,0.23,0.57,0.27,0.5,0.0,0.48,0.47,0
80,80,80,0.47,0.39,0.55,0.24,0.5,0.0,0.47,0.22,0
81,81,81,0.44,0.59,0.36,0.16,0.5,0.0,0.52,0.22,1
82,82,82,0.3,0.56,0.55,0.18,0.5,0.0,0.5,0.22,0
83,83,83,0.65,0.65,0.52,0.16,0.5,0.0,0.6,0.22,0
84,84,84,0.27,0.6,0.48,0.23,0.5,0.0,0.55,0.22,0
85,85,85,0.45,0.41,0.5,0.46,0.5,0.5,0.5,0.27,0
86,86,86,0.44,0.52,0.41,0.23,0.5,0.0,0.51,0.22,0
87,87,87,0.3,0.32,0.57,0.19,0.5,0.0,0.48,0.55,0
88,88,88,0.4,0.44,0.49,0.47,0.5,0.0,0.49,0.27,0
89,89,89,0.45,0.51,0.5,0.16,0.5,0.0,0.52,1.0,0
90,90,90,0.45,0.45,0.5,0.6,0.5,0.0,0.49,0.22,0
91,91,91,0.59,0.67,0.56,0.41,0.5,0.0,0.47,0.22,0
92,92,92,0.47,0.47,0.57,0.48,0.5,0.0,0.48,0.22,0
93,93,93,0.35,0.52,0.48,0.22,0.5,0.0,0.26,0.22,0
94,94,94,0.47,0.41,0.66,0.26,0.5,0.0,0.53,0.22,0
95,95,95,0.64,0.62,0.29,0.28,0.5,0.0,0.51,0.22,0
96,96,96,0.59,0.6,0.49,0.43,0.5,0.0,0.53,0.31,0
97,97,97,0.54,0.55,0.34,0.31,0.5,0.0,0.54,0.22,1
98,98,98,0.58,0.62,0.54,0.17,0.5,0.0,0.48,0.22,0
99,99,99,0.4,0.38,0.53,0.16,0.5,0.0,0.52,0.27,0
100,100,100,0.46,0.71,0.48,0.53,0.5,0.0,0.53,0.22,0
101,101,101,0.53,0.51,0.55,0.05,0.5,0.0,0.45,0.25,0
102,102,102,0.41,0.4,0.59,0.47,0.5,0.0,0.48,0.43,0
103,103,103,0.5,0.64,0.57,0.15,0.5,0.0,0.47,0.22,0
104,104,104,0.4,0.62,0.52,0.31,0.5,0.0,0.49,0.31,0
105,105,105,0.6,0.5,0.57,0.25,0.5,0.0,0.41,0.26,0
106,106,106,0.62,0.51,0.52,0.42,0.5,0.0,0.54,0.27,0
107,107,107,0.34,0.54,0.5,0.21,0.5,0.0,0.54,0.31,0
108,108,108,0.39,0.58,0.5,0.26,0.5,0.0,0.54,0.59,1
109,109,109,0.29,0.32,0.58,0.15,0.5,0.0,0.5,0.3,0
110,110,110,0.47,0.32,0.64,0.3,0.5,0.0,0.63,0.22,0
111,111,111,0.39,0.47,0.56,0.16,0.5,0.0,0.47,0.22,0
112,112,112,0.58,0.48,0.51,0.47,0.5,0.0,0.55,0.22,0
113,113,113,0.64,0.6,0.57,0.19,0.5,0.0,0.43,0.22,0
114,114,114,0.37,0.46,0.4,0.27,0.5,0.0,0.45,0.22,0
115,115,115,0.43,0.57,0.53,0.16,0.5,0.0,0.54,0.22,0
116,116,116,0.28,0.37,0.61,0.09,0.5,0.0,0.52,0.55,0
117,117,117,0.59,0.48,0.5,0.14,0.5,0.0,0.45,0.25,0
118,118,118,0.39,0.55,0.48,0.31,0.5,0.0,0.54,0.29,0
119,119,119,0.26,0.36,0.47,0.34,0.5,0.0,0.53,0.72,0
120,120,120,0.51,0.34,0.5,0.19,0.5,0.0,0.5,0.22,0
121,121,121,0.58,0.5,0.5,0.12,0.5,0.0,0.48,0.25,0
122,122,122,0.44,0.39,0.53,0.14,0.5,0.0,0.54,0.44,0
123,123,123,0.41,0.39,0.44,0.34,0.5,0.0,0.48,0.4,0
124,124,124,0.45,0.43,0.51,0.24,0.5,0.0,0.54,0.33,0
125,125,125,0.36,0.68,0.46,0.16,0.5,0.0,0.53,0.28,0
126,126,126,0.42,0.31,0.5,0.15,0.5,0.0,0.53,0.22,0
127,127,127,0.67,0.71,0.52,0.65,0.5,0.0,0.53,0.36,0
128,128,128,0.4,0.42,0.71,0.21,0.5,0.0,0.54,0.32,0
129,129,129,0.54,0.49,0.49,0.2,0.5,0.0,0.52,0.22,0
130,130,130,0.57,0.51,0.53,0.18,0.5,0.0,0.56,0.25,0
131,131,131,0.35,0.45,0.43,0.11,0.5,0.0,0.56,0.22,1
132,132,132,0.42,0.42,0.42,0.2,0.5,0.0,0.49,0.22,1
133,133,133,0.26,0.5,0.33,0.28,0.5,0.0,0.51,0.22,1
134,134,134,0.39,0.42,0.38,0.4,0.5,0.0,0.49,0.47,1
135,135,135,0.26,0.44,0.3,0.11,0.5,0.0,0.51,0.47,1
136,136,136,0.31,0.44,0.53,0.23,0.5,0.0,0.51,0.32,0
137,137,137,0.48,0.61,0.44,0.2,0.5,0.0,0.47,0.22,0
138,138,138,0.66,0.45,0.5,0.23,0.5,0.0,0.49,0.22,0
139,139,139,0.21,0.41,0.55,0.11,0.5,0.0,0.5,0.27,0
140,140,140,0.38,0.68,0.44,0.45,0.5,0.0,0.53,0.22,0
141,141,141,0.44,0.38,0.48,0.32,0.5,0.83,0.53,0.22,0
142,142,142,0.31,0.31,0.56,0.33,0.5,0.0,0.52,0.33,0
143,143,143,0.49,0.31,0.49,0.35,0.5,0.0,0.51,0.29,0
144,144,144,0.38,0.37,0.56,0.21,0.5,0.0,0.49,0.22,0
145,145,145,0.39,0.4,0.53,0.67,0.5,0.0,0.47,0.22,0
146,146,146,0.24,0.34,0.69,0.18,0.5,0.0,0.52,0.22,0
147,147,147,0.49,0.43,0.51,0.13,0.5,0.0,0.47,0.22,0
148,148,148,0.54,0.38,0.52,0.18,0.5,0.0,0.48,0.22,0
149,149,149,0.43,0.57,0.53,0.53,0.5,0.0,0.53,0.25,0
150,150,150,0.31,0.55,0.52,0.17,0.5,0.0,0.52,0.22,0
151,151,151,0.32,0.42,0.52,0.24,0.5,0.0,0.6,0.22,0
152,152,152,0.37,0.42,0.51,0.11,0.5,0.0,0.57,0.22,0
153,153,153,0.75,0.7,0.38,0.27,0.5,0.0,0.49,0.22,0
154,154,154,0.44,0.42,0.6,0.21,0.5,0.0,0.57,0.22,0
155,155,155,0.52,0.51,0.51,0.54,0.5,0.0,0.55,0.27,0
156,156,156,0.63,0.56,0.45,0.58,0.5,0.0,0.51,0.22,0
157,157,157,0.72,0.62,0.34,0.29,0.5,0.0,0.56,0.28,0
158,158,158,0.72,0.61,0.37,0.3,0.5,0.0,0.57,0.22,0
159,159,159,0.57,0.57,0.44,0.37,0.5,0.0,0.52,0.25,0
160,160,160,0.42,0.58,0.41,0.65,0.5,0.0,0.46,0.26,0
161,161,161,0.59,0.61,0.34,0.22,0.5,0.0,0.51,0.22,0
162,162,162,0.52,0.77,0.38,0.34,0.5,0.0,0.51,0.22,0
163,163,163,0.5,0.52,0.6,0.51,0.5,0.0,0.48,0.22,0
164,164,164,0.49,0.6,0.43,0.56,0.5,0.0,0.36,0.22,0
165,165,165,0.5,0.41,0.44,0.5,0.5,0.0,0.42,0.22,0
166,166,166,0.5,0.4,0.56,0.7,0.5,0.0,0.5,0.22,0
167,167,167,0.37,0.58,0.44,0.51,0.5,0.0,0.44,0.22,0
168,168,168,0.55,0.45,0.45,0.54,0.5,0.0,0.5,0.22,0
169,169,169,0.67,0.68,0.46,0.29,0.5,0.0,0.46,0.22,0
170,170,170,0.53,0.51,0.46,0.28,0.5,0.0,0.48,0.22,0
171,171,171,0.47,0.46,0.59,0.49,0.5,0.0,0.56,0.22,0
172,172,172,0.73,0.83,0.43,0.3,0.5,0.0,0.55,0.22,0
173,173,173,0.7,0.65,0.54,0.28,0.5,0.0,0.6,0.4,0
174,174,174,0.47,0.54,0.37,0.14,0.5,0.0,0.5,0.22,1
175,175,175,0.56,0.52,0.48,0.17,0.5,0.0,0.46,0.22,0
176,176,176,0.56,0.41,0.58,0.21,0.5,0.0,0.42,0.22,0
177,177,177,0.58,0.56,0.45,0.12,0.5,0.0,0.51,0.22,0
178,178,178,0.53,0.38,0.66,0.25,0.5,0.0,0.43,0.22,0
179,179,179,0.34,0.36,0.54,0.11,0.5,0.0,0.36,0.21,0
180,180,180,0.69,0.61,0.38,0.27,0.5,0.0,0.52,0.22,0
181,181,181,0.37,0.53,0.6,0.19,0.5,0.5,0.42,0.22,0
182,182,182,0.41,0.45,0.53,0.17,0.5,0.0,0.51,0.25,0
183,183,183,0.31,0.46,0.54,0.52,0.5,0.0,0.5,0.34,0
184,184,184,0.36,0.37,0.33,0.14,0.5,0.0,0.57,0.31,1
185,185,185,0.82,0.78,0.49,0.23,0.5,0.0,0.46,0.22,0
186,186,186,0.82,0.75,0.54,0.23,0.5,0.0,0.46,0.22,0
187,187,187,0.41,0.51,0.58,0.15,0.5,0.0,0.45,0.27,0
188,188,188,0.53,0.44,0.51,0.33,0.5,0.0,0.52,0.22,0
189,189,189,0.46,0.54,0.71,0.15,0.5,0.0,0.59,0.22,0
190,190,190,0.53,0.53,0.6,0.13,0.5,0.0,0.49,0.22,0
191,191,191,0.42,0.57,0.72,0.22,0.5,0.0,0.57,0.22,0
192,192,192,0.2,0.26,0.52,0.14,0.5,0.0,0.53,0.44,0
193,193,193,0.51,0.53,0.55,0.14,0.5,0.0,0.51,0.22,0
194,194,194,0.44,0.68,0.45,0.51,0.5,0.0,0.52,0.41,0
195,195,195,0.27,0.39,0.66,0.11,0.5,0.0,0.44,0.22,0
196,196,196,0.55,0.42,0.34,0.3,0.5,0.0,0.52,0.22,1
197,197,197,0.34,0.42,0.3,0.23,0.5,0.0,0.53,0.22,1
198,198,198,0.44,0.53,0.52,0.23,0.5,0.83,0.51,0.22,0
199,199,199,0.59,0.58,0.56,0.21,0.5,0.0,0.54,0.33,0
200,200,200,0.39,0.28,0.46,0.12,0.5,0.0,0.41,0.22,0
201,201,201,0.56,0.43,0.54,0.16,0.5,0.0,0.5,0.22,0
202,202,202,0.35,0.4,0.59,0.22,0.5,0.0,0.47,0.37,0
203,203,203,0.42,0.32,0.5,0.21,0.5,0.0,0.51,0.22,0
204,204,204,0.55,0.54,0.56,0.22,0.5,0.0,0.5,0.37,0
205,205,205,0.8,0.46,0.5,0.15,0.5,0.0,0.53,0.22,0
206,206,206,0.6,0.56,0.47,0.2,0.5,0.0,0.5,0.38,0
207,207,207,0.47,0.65,0.54,0.62,0.5,0.0,0.53,0.36,0
208,208,208,0.43,0.39,0.54,0.14,0.5,0.0,0.47,0.22,0
209,209,209,0.53,0.61,0.52,0.21,0.5,0.0,0.55,0.3,0
210,210,210,0.54,0.42,0.41,0.16,0.5,0.0,0.52,0.22,0
211,211,211,0.46,0.35,0.53,0.16,0.5,0.0,0.51,0.29,0
212,212,212,0.51,0.55,0.35,0.16,0.5,0.0,0.51,0.47,1
213,213,213,0.56,0.52,0.55,0.19,0.5,0.0,0.54,0.22,0
214,214,214,0.37,0.53,0.46,0.23,0.5,0.0,0.47,0.22,0
215,215,215,0.83,0.58,0.33,0.04,0.5,0.0,0.53,0.22,0
216,216,216,0.39,0.45,0.53,0.18,0.5,0.0,0.54,0.22,0
217,217,217,0.52,0.54,0.5,0.21,0.5,0.0,0.48,0.3,0
218,218,218,0.35,0.39,0.57,0.11,0.5,0.0,0.48,0.22,0
219,219,219,0.36,0.49,0.3,0.22,0.5,0.0,0.52,0.31,1
220,220,220,0.78,0.7,0.32,0.23,0.5,0.0,0.53,0.22,0
221,221,221,0.55,0.46,0.53,0.11,0.5,0.0,0.52,0.48,0
222,222,222,0.45,0.56,0.53,0.32,0.5,0.0,0.57,0.22,0
223,223,223,0.29,0.43,0.4,0.15,0.5,0.0,0.53,0.22,1
224,224,224,0.52,0.75,0.37,0.14,0.5,0.0,0.46,0.22,1
225,225,225,0.58,0.6,0.43,0.12,0.5,0.0,0.55,0.22,1
226,226,226,0.54,0.65,0.49,0.34,0.5,0.0,0.52,0.22,0
227,227,227,0.57,0.59,0.44,0.16,0.5,0.0,0.52,0.22,0
228,228,228,0.59,0.58,0.46,0.19,0.5,0.0,0.56,0.27,0
229,229,229,0.92,0.61,0.4,0.22,0.5,0.0,0.54,0.22,0
230,230,230,0.55,0.56,0.45,0.14,0.5,0.0,0.54,0.22,0
231,231,231,0.36,0.46,0.43,0.19,0.5,0.0,0.48,0.22,1
232,232,232,0.34,0.38,0.45,0.19,0.5,0.0,0.51,0.22,0
233,233,233,0.62,0.58,0.46,0.13,0.5,0.0,0.53,0.22,0
234,234,234,0.53,0.68,0.42,0.19,0.5,0.0,0.53,0.22,1
235,235,235,0.73,0.55,0.41,0.16,0.5,0.0,0.46,0.22,0
236,236,236,0.55,0.46,0.46,0.31,0.5,0.0,0.58,0.48,0
237,237,237,0.35,0.6,0.47,0.13,0.5,0.0,0.52,0.43,0
238,238,238,0.77,0.87,0.47,0.37,0.5,0.0,0.48,0.22,0
239,239,239,0.35,0.46,0.49,0.15,1.0,0.0,0.55,0.35,0
240,240,240,0.43,0.51,0.48,0.14,0.5,0.0,0.5,0.22,0
241,241,241,0.57,0.61,0.45,0.26,0.5,0.0,0.5,0.22,0
242,242,242,0.63,0.62,0.42,0.12,0.5,0.0,0.52,0.25,0
243,243,243,0.25,0.4,0.51,0.18,0.5,0.0,0.5,0.27,0
244,244,244,0.56,0.62,0.53,0.24,0.5,0.0,0.57,0.22,0
245,245,245,0.58,0.6,0.51,0.24,0.5,0.0,0.53,0.22,0
246,246,246,0.71,0.59,0.53,0.15,0.5,0.0,0.49,0.33,0
247,247,247,0.46,0.35,0.33,0.17,0.5,0.0,0.55,0.22,1
248,248,248,0.54,0.55,0.42,0.22,0.5,0.0,0.48,0.22,1
249,249,249,0.39,0.44,0.28,0.12,0.5,0.0,0.46,0.27,1
250,250,250,0.33,0.44,0.49,0.08,0.5,0.0,0.48,0.49,0
251,251,251,0.46,0.48,0.44,0.21,0.5,0.0,0.55,0.22,0
252,252,252,0.35,0.36,0.57,0.17,0.5,0.0,0.52,0.22,0
253,253,253,0.54,0.57,0.52,0.19,0.5,0.0,0.59,0.67,0
254,254,254,0.42,0.52,0.4,0.17,0.5,0.0,0.5,0.26,1
255,255,255,0.91,0.77,0.34,0.47,0.5,0.0,0.52,0.31,0
256,256,256,0.81,0.9,0.39,0.41,0.5,0.0,0.53,0.22,0
257,257,257,0.45,0.4,0.56,0.14,0.5,0.0,0.54,0.22,0
258,258,258,0.47,0.47,0.58,0.16,0.5,0.0,0.49,0.28,0
259,259,259,0.41,0.39,0.51,0.52,0.5,0.0,0.49,0.22,0
260,260,260,0.37,0.34,0.32,0.22,0.5,0.0,0.56,0.22,1
261,261,261,0.69,0.6,0.5,0.31,0.5,0.0,0.55,0.22,0
262,262,262,0.84,0.66,0.36,0.78,0.5,0.0,0.49,0.5,0
263,263,263,0.37,0.43,0.62,0.27,0.5,0.0,0.48,0.22,0
264,264,264,0.55,0.66,0.57,0.32,0.5,0.0,0.57,0.34,0
265,265,265,0.48,0.35,0.42,0.21,0.5,0.0,0.57,0.22,0
266,266,266,0.62,0.58,0.52,0.15,0.5,0.0,0.52,0.29,0
267,267,267,0.56,0.59,0.53,0.16,0.5,0.0,0.24,0.42,0
268,268,268,0.44,0.51,0.37,0.15,0.5,0.0,0.51,0.22,1
269,269,269,0.44,0.44,0.49,0.15,0.5,0.0,0.46,0.27,0
270,270,270,0.6,0.6,0.49,0.3,0.5,0.0,0.53,0.22,0
271,271,271,0.49,0.46,0.34,0.21,0.5,0.0,0.55,0.22,1
272,272,272,0.35,0.68,0.57,0.4,0.5,0.0,0.53,0.36,0
273,273,273,0.7,0.69,0.43,0.33,0.5,0.0,0.58,0.22,0
274,274,274,0.23,0.3,0.58,0.22,0.5,0.0,0.48,0.27,0
275,275,275,0.51,0.35,0.46,0.15,0.5,0.0,0.51,0.42,0
276,276,276,0.32,0.38,0.52,0.2,0.5,0.0,0.52,0.28,0
277,277,277,0.59,0.65,0.52,0.3,0.5,0.0,0.46,0.31,0
278,278,278,0.41,0.52,0.41,0.11,0.5,0.0,0.54,0.35,0
279,279,279,0.37,0.33,0.5,0.12,0.5,0.0,0.51,0.54,0
280,280,280,0.45,0.56,0.49,0.17,0.5,0.0,0.52,0.22,0
281,281,281,0.56,0.54,0.59,0.14,0.5,0.0,0.52,0.27,0
282,282,282,0.31,0.31,0.54,0.18,0.5,0.0,0.52,0.29,0
283,283,283,0.54,0.56,0.57,0.18,0.5,0.0,0.45,0.25,0
284,284,284,0.17,0.38,0.45,0.09,0.5,0.0,0.54,0.27,0
285,285,285,0.43,0.51,0.54,0.15,0.5,0.0,0.45,0.26,0
286,286,286,0.6,0.4,0.59,0.18,0.5,0.0,0.48,0.22,0
287,287,287,0.91,0.69,0.57,0.45,0.5,0.0,0.56,0.22,0
288,288,288,0.38,0.47,0.53,0.12,0.5,0.0,0.48,0.22,0
289,289,289,0.59,0.43,0.52,0.19,0.5,0.0,0.55,0.27,0
290,290,290,0.64,0.53,0.45,0.13,0.5,0.0,0.53,0.22,0
291,291,291,0.52,0.51,0.51,0.12,0.5,0.0,0.51,0.4,0
292,292,292,0.49,0.43,0.48,0.15,0.5,0.0,0.55,0.25,0
293,293,293,0.49,0.47,0.52,0.16,0.5,0.0,0.53,0.28,0
294,294,294,0.48,0.39,0.49,0.18,0.5,0.0,0.51,0.22,0
295,295,295,0.44,0.34,0.55,0.18,0.5,0.0,0.52,0.22,0
296,296,296,0.43,0.54,0.58,0.16,0.5,0.0,0.5,0.36,0
297,297,297,0.2,0.34,0.33,0.1,0.5,0.0,0.48,0.31,1
298,298,298,0.3,0.5,0.47,0.11,0.5,0.0,0.46,0.22,0
299,299,299,0.31,0.45,0.5,0.17,0.5,0.0,0.49,0.22,0
300,300,300,0.55,0.41,0.56,0.21,0.5,0.0,0.52,0.22,0
301,301,301,0.4,0.34,0.52,0.17,0.5,0.0,0.47,0.51,0
302,302,302,0.4,0.48,0.5,0.17,0.5,0.0,0.54,0.5,0
303,303,303,0.58,0.48,0.56,0.1,0.5,0.0,0.46,0.25,0
304,304,304,0.58,0.48,0.56,0.12,0.5,0.0,0.46,0.25,0
305,305,305,0.58,0.41,0.51,0.26,0.5,0.0,0.51,0.37,0
306,306,306,0.41,0.6,0.53,0.29,0.5,0.0,0.47,0.43,0
307,307,307,0.69,0.5,0.49,0.42,0.5,0.0,0.49,0.22,0
308,308,308,0.6,0.48,0.44,0.52,0.5,0.0,0.54,0.63,0
309,309,309,0.28,0.51,0.55,0.11,0.5,0.0,0.46,0.22,0
310,310,310,0.56,0.57,0.63,0.39,1.0,0.0,0.59,0.4,0
311,311,311,0.46,0.57,0.57,0.15,0.5,0.0,0.52,0.26,0
312,312,312,0.43,0.42,0.54,0.22,0.5,0.0,0.57,0.33,0
313,313,313,0.48,0.34,0.47,0.14,0.5,0.0,0.47,0.26,0
314,314,314,0.35,0.4,0.53,0.18,0.5,0.0,0.42,0.38,0
315,315,315,0.47,0.45,0.53,0.62,0.5,0.0,0.46,0.22,0
316,316,316,0.53,0.43,0.47,0.15,0.5,0.0,0.58,0.22,0
317,317,317,0.44,0.42,0.62,0.14,0.5,0.0,0.55,0.37,0
318,318,318,0.37,0.34,0.58,0.24,0.5,0.0,0.44,0.18,0
319,319,319,0.37,0.34,0.58,0.24,0.5,0.0,0.44,0.18,0
320,320,320,0.39,0.39,0.55,0.52,0.5,0.0,0.37,0.16,0
321,321,321,0.39,0.39,0.55,0.52,0.5,0.0,0.37,0.16,0
322,322,322,0.48,0.46,0.38,0.29,0.5,0.0,0.53,0.22,1
323,323,323,0.48,0.57,0.5,0.09,0.5,0.0,0.52,0.42,0
324,324,324,0.61,0.57,0.45,0.21,0.5,0.0,0.5,0.42,0
325,325,325,0.51,0.63,0.3,0.35,0.5,0.0,0.53,0.27,1
326,326,326,0.53,0.68,0.34,0.42,0.5,0.0,0.54,0.27,1
327,327,327,0.37,0.22,0.64,0.35,0.5,0.0,0.47,0.22,0
328,328,328,0.51,0.48,0.58,0.22,0.5,0.0,0.5,0.28,0
329,329,329,0.49,0.37,0.59,0.17,0.5,0.0,0.51,0.22,0
330,330,330,0.51,0.48,0.58,0.22,0.5,0.0,0.5,0.28,0
331,331,331,0.53,0.53,0.53,0.17,0.5,0.0,0.49,0.37,0
332,332,332,0.29,0.68,0.47,0.26,0.5,0.0,0.47,0.37,0
333,333,333,0.5,0.45,0.49,0.15,0.5,0.0,0.55,0.43,0
334,334,334,0.33,0.28,0.31,0.24,0.5,0.0,0.53,0.22,1
335,335,335,0.85,0.85,0.3,0.31,0.5,0.0,0.55,0.42,0
336,336,336,0.43,0.39,0.51,0.28,0.5,0.0,0.4,0.22,0
337,337,337,0.34,0.35,0.61,0.19,0.5,0.0,0.52,0.25,0
338,338,338,0.55,0.53,0.56,0.29,0.5,0.0,0.48,0.22,0
339,339,339,0.37,0.62,0.34,0.25,0.5,0.0,0.51,0.22,1
340,340,340,0.45,0.56,0.51,0.64,0.5,0.0,0.54,0.22,0
341,341,341,0.38,0.46,0.52,0.75,0.5,0.0,0.5,0.26,0
342,342,342,0.61,0.54,0.49,0.19,0.5,0.0,0.54,0.47,0
343,343,343,0.44,0.53,0.52,0.37,0.5,0.0,0.5,0.22,0
344,344,344,0.44,0.53,0.52,0.37,0.5,0.0,0.5,0.22,0
345,345,345,0.32,0.34,0.61,0.17,0.5,0.0,0.52,0.32,0
346,346,346,0.34,0.34,0.61,0.18,0.5,0.0,0.52,0.32,0
347,347,347,0.51,0.68,0.49,0.59,0.5,0.0,0.54,0.27,0
348,348,348,0.41,0.3,0.49,0.28,0.5,0.0,0.54,0.22,0
349,349,349,0.41,0.43,0.5,0.28,0.5,0.0,0.5,0.22,0
350,350,350,0.3,0.5,0.34,0.26,0.5,0.0,0.51,0.22,1
351,351,351,0.49,0.4,0.34,0.26,0.5,0.0,0.5,0.22,1
352,352,352,0.34,0.4,0.3,0.23,0.5,0.0,0.51,0.22,1
353,353,353,0.43,0.44,0.3,0.18,0.5,0.0,0.51,0.22,1
354,354,354,0.45,0.57,0.3,0.17,0.5,0.0,0.51,0.22,1
355,355,355,0.42,0.44,0.33,0.17,0.5,0.0,0.54,0.27,1
356,356,356,0.52,0.5,0.53,0.1,0.5,0.0,0.48,0.22,0
357,357,357,0.53,0.56,0.49,0.46,0.5,0.0,0.52,0.22,0
358,358,358,0.45,0.54,0.54,0.62,0.5,0.0,0.53,0.22,0
359,359,359,0.51,0.43,0.63,0.18,0.5,0.0,0.52,0.22,0
360,360,360,0.51,0.52,0.48,0.5,0.5,0.0,0.51,0.22,0
361,361,361,0.55,0.49,0.5,0.46,0.5,0.0,0.52,0.25,0
362,362,362,0.5,0.46,0.52,0.16,0.5,0.0,0.52,0.26,0
363,363,363,0.5,0.53,0.45,0.44,0.5,0.0,0.49,0.22,0
364,364,364,0.45,0.59,0.53,0.74,0.5,0.0,0.47,0.25,0
365,365,365,0.57,0.61,0.55,0.67,0.5,0.0,0.48,0.22,0
366,366,366,0.54,0.45,0.62,0.13,0.5,0.0,0.52,0.26,0
367,367,367,0.47,0.63,0.66,0.45,0.5,0.0,0.37,0.11,0
368,368,368,0.51,0.34,0.43,0.18,0.5,0.0,0.48,0.25,0
369,369,369,0.56,0.45,0.59,0.14,0.5,0.0,0.51,0.26,0
370,370,370,0.45,0.38,0.59,0.18,0.5,0.0,0.44,0.45,0
371,371,371,0.43,0.51,0.6,0.25,0.5,0.0,0.55,0.22,0
372,372,372,0.47,0.59,0.43,0.13,0.5,0.0,0.56,0.3,1
373,373,373,0.4,0.45,0.42,0.17,0.5,0.0,0.54,0.26,1
374,374,374,0.89,0.81,0.36,0.71,0.5,0.0,0.55,0.63,0
375,375,375,0.58,0.55,0.52,0.22,0.5,0.0,0.44,0.22,0
376,376,376,0.59,0.57,0.46,0.14,0.5,0.0,0.52,0.22,0
377,377,377,0.49,0.41,0.32,0.21,0.5,0.0,0.5,0.32,1
378,378,378,0.5,0.46,0.42,0.32,0.5,0.0,0.56,0.55,1
379,379,379,0.68,0.5,0.43,0.27,0.5,0.0,0.61,0.22,0
380,380,380,0.46,0.41,0.5,0.44,0.5,0.0,0.53,0.22,0
381,381,381,0.32,0.36,0.34,0.19,0.5,0.0,0.55,0.26,1
382,382,382,0.4,0.51,0.42,0.13,0.5,0.0,0.45,0.25,1
383,383,383,0.65,0.61,0.39,0.3,0.5,0.0,0.57,0.28,1
384,384,384,0.47,0.43,0.35,0.32,0.5,0.0,0.54,0.22,1
385,385,385,0.42,0.25,0.6,0.14,0.5,0.0,0.45,0.22,0
386,386,386,0.23,0.34,0.41,0.28,0.5,0.0,0.5,0.27,0
387,387,387,0.34,0.31,0.6,0.37,0.5,0.0,0.5,0.3,0
388,388,388,0.67,0.63,0.34,0.41,0.5,0.0,0.6,0.33,0
389,389,389,0.54,0.51,0.54,0.52,0.5,0.0,0.47,0.25,0
390,390,390,0.53,0.5,0.54,0.56,0.5,0.0,0.49,0.41,0
391,391,391,0.84,0.63,0.38,0.23,0.5,0.0,0.53,0.22,0
392,392,392,0.89,0.77,0.36,0.34,0.5,0.0,0.44,0.22,0
393,393,393,0.36,0.35,0.47,0.22,0.5,0.0,0.44,0.31,1
394,394,394,0.57,0.49,0.48,0.16,0.5,0.0,0.51,0.22,0
395,395,395,0.43,0.52,0.53,0.52,1.0,0.0,0.49,0.22,0
396,396,396,0.38,0.49,0.54,1.0,0.5,0.0,0.5,0.27,0
397,397,397,0.43,0.32,0.56,0.27,0.5,0.0,0.47,0.27,0
398,398,398,0.27,0.56,0.56,0.18,0.5,0.0,0.52,0.22,0
399,399,399,0.89,0.82,0.6,0.49,0.5,0.0,0.55,0.22,0
400,400,400,0.86,0.92,0.5,0.37,1.0,0.0,0.53,0.32,0
401,401,401,0.37,0.55,0.29,0.32,0.5,0.0,0.51,0.22,1
402,402,402,0.87,0.83,0.57,0.36,0.5,0.0,0.36,0.22,0
403,403,403,0.52,0.48,0.54,0.28,0.5,0.0,0.54,0.22,0
404,404,404,0.76,0.74,0.56,0.34,0.5,0.0,0.51,0.3,0
405,405,405,0.58,0.76,0.4,0.37,0.5,0.0,0.54,0.3,0
406,406,406,0.94,0.6,0.33,0.49,0.5,0.0,0.54,0.22,0
407,407,407,0.42,0.51,0.39,0.22,0.5,0.0,0.49,0.26,1
408,408,408,0.52,0.48,0.58,0.55,0.5,0.0,0.48,0.22,0
409,409,409,0.42,0.32,0.48,0.16,0.5,0.0,0.55,0.22,0
410,410,410,0.48,0.57,0.52,0.61,0.5,0.0,0.51,0.22,0
411,411,411,0.83,0.53,0.52,0.2,0.5,0.0,0.48,0.25,0
412,412,412,0.36,0.34,0.46,0.19,0.5,0.0,0.52,0.22,0
413,413,413,0.51,0.43,0.47,0.19,0.5,0.0,0.52,0.37,0
414,414,414,0.54,0.54,0.49,0.14,0.5,0.0,0.56,0.22,0
415,415,415,0.44,0.41,0.44,0.13,0.5,0.0,0.49,0.42,0
416,416,416,0.52,0.62,0.54,0.19,0.5,0.0,0.5,0.22,0
417,417,417,0.53,0.44,0.47,0.22,0.5,0.0,0.53,0.22,0
418,418,418,0.48,0.48,0.5,0.47,0.5,0.0,0.55,0.22,0
419,419,419,0.46,0.14,0.36,0.21,0.5,0.0,0.5,0.25,1
420,420,420,0.46,0.47,0.46,0.16,0.5,0.0,0.51,0.22,0
421,421,421,0.52,0.49,0.57,0.57,0.5,0.0,0.51,0.22,0
422,422,422,0.78,0.48,0.47,0.3,0.5,0.0,0.53,0.47,0
423,423,423,0.49,0.62,0.65,0.18,0.5,0.0,0.46,0.43,0
424,424,424,0.39,0.37,0.33,0.23,0.5,0.0,0.53,0.26,1
425,425,425,0.39,0.37,0.56,0.15,0.5,0.0,0.5,0.27,0
426,426,426,0.33,0.37,0.54,0.28,0.5,0.0,0.53,0.27,0
427,427,427,0.39,0.37,0.33,0.23,0.5,0.0,0.52,0.26,1
428,428,428,0.33,0.38,0.53,0.26,0.5,0.0,0.52,0.27,0
429,429,429,0.47,0.54,0.54,0.48,0.5,0.0,0.53,0.26,0
430,430,430,0.72,0.58,0.42,0.28,0.5,0.0,0.48,0.22,0
431,431,431,0.41,0.41,0.51,0.19,0.5,0.0,0.57,0.22,0
432,432,432,0.81,0.65,0.52,0.41,0.5,0.0,0.57,0.26,0
433,433,433,0.5,0.49,0.52,0.2,0.5,0.0,0.43,0.52,0
434,434,434,0.18,0.48,0.46,0.12,0.5,0.0,0.0,0.25,0
435,435,435,0.26,0.38,0.52,0.36,0.5,0.0,0.48,0.56,0
436,436,436,0.53,0.51,0.51,0.11,0.5,0.0,0.49,0.41,0
437,437,437,0.58,0.49,0.5,0.41,0.5,0.0,0.57,0.22,0
438,438,438,0.62,0.6,0.47,0.16,0.5,0.0,0.53,0.22,0
439,439,439,0.68,0.58,0.51,0.19,0.5,0.83,0.54,0.22,0
440,440,440,0.4,0.52,0.53,0.52,0.5,0.0,0.51,0.22,0
441,441,441,0.51,0.47,0.41,0.44,0.5,0.0,0.5,0.22,1
442,442,442,0.72,0.56,0.4,0.26,0.5,0.0,0.51,0.26,0
443,443,443,0.49,0.44,0.45,0.22,0.5,0.0,0.51,0.22,0
444,444,444,0.32,0.47,0.55,0.25,0.5,0.0,0.49,0.22,0
445,445,445,0.46,0.57,0.52,0.28,0.5,0.0,0.52,0.22,0
446,446,446,0.53,0.48,0.45,0.44,0.5,0.0,0.49,0.27,0
447,447,447,0.49,0.48,0.46,0.63,0.5,0.0,0.52,0.22,0
448,448,448,0.68,0.68,0.49,0.15,0.5,0.0,0.53,0.22,0
449,449,449,0.55,0.49,0.45,0.18,0.5,0.0,0.49,0.22,0
450,450,450,0.4,0.53,0.61,0.21,0.5,0.0,0.48,0.33,0
451,451,451,0.57,0.44,0.42,0.2,0.5,0.0,0.54,0.22,0
452,452,452,0.4,0.47,0.48,0.18,0.5,0.0,0.46,0.22,0
453,453,453,0.34,0.54,0.54,0.13,0.5,0.0,0.52,0.22,0
454,454,454,0.55,0.65,0.5,0.28,0.5,0.0,0.55,0.22,0
455,455,455,0.29,0.46,0.54,0.27,0.5,0.0,0.49,0.22,0
456,456,456,0.46,0.42,0.6,0.21,0.5,0.0,0.4,0.22,0
457,457,457,0.8,0.81,0.55,0.35,0.5,0.0,0.42,0.22,0
458,458,458,0.45,0.48,0.63,0.67,0.5,0.0,0.48,0.22,0
459,459,459,0.66,0.52,0.52,0.44,0.5,0.0,0.56,0.27,0
460,460,460,0.54,0.52,0.54,0.2,0.5,0.0,0.55,0.25,0
461,461,461,0.37,0.31,0.53,0.16,0.5,0.0,0.53,0.44,0
462,462,462,0.48,0.47,0.54,0.55,0.5,0.0,0.51,0.65,0
463,463,463,0.6,0.59,0.45,0.23,0.5,0.0,0.55,0.22,0
464,464,464,0.45,0.73,0.47,0.65,0.5,0.0,0.54,0.43,0
465,465,465,0.66,0.54,0.49,0.16,0.5,0.0,0.54,0.36,0
466,466,466,0.46,0.55,0.61,0.13,0.5,0.0,0.47,0.22,0
467,467,467,0.42,0.5,0.53,0.22,0.5,0.83,0.5,0.22,0
468,468,468,0.66,0.66,0.32,0.54,0.5,0.0,0.51,0.22,0
469,469,469,0.74,0.56,0.35,0.36,0.5,0.0,0.51,0.25,0
470,470,470,0.89,0.52,0.41,0.26,0.5,0.0,0.52,0.31,0
471,471,471,0.67,0.51,0.54,0.21,0.5,0.0,0.43,0.3,0
472,472,472,0.58,0.46,0.46,0.34,0.5,0.0,0.5,0.43,0
473,473,473,0.4,0.68,0.5,0.82,0.5,0.0,0.44,0.36,0
474,474,474,0.59,0.57,0.43,0.26,0.5,0.0,0.51,0.22,0
475,475,475,0.39,0.3,0.56,0.12,0.5,0.0,0.53,0.38,0
476,476,476,0.6,0.62,0.54,0.4,0.5,0.0,0.5,0.22,0
477,477,477,0.36,0.4,0.53,0.48,0.5,0.0,0.48,0.22,0
478,478,478,0.51,0.42,0.56,0.38,0.5,0.0,0.46,0.22,0
479,479,479,0.57,0.4,0.62,0.3,0.5,0.0,0.48,0.11,0
480,480,480,0.52,0.5,0.59,0.31,0.5,0.0,0.5,0.22,0
481,481,481,0.42,0.53,0.53,0.64,0.5,0.0,0.47,0.22,0
482,482,482,0.5,0.46,0.64,0.36,0.5,0.0,0.49,0.22,0
483,483,483,0.6,0.51,0.6,0.38,0.5,0.83,0.52,0.24,0
484,484,484,0.6,0.57,0.64,0.52,0.5,0.0,0.47,0.28,0
485,485,485,0.53,0.42,0.58,0.29,0.5,0.0,0.5,0.22,0
486,486,486,0.41,0.52,0.53,0.41,0.5,0.0,0.39,0.33,0
487,487,487,0.45,0.43,0.63,0.4,0.5,0.0,0.59,0.11,0
488,488,488,0.44,0.44,0.67,0.35,0.5,0.0,0.48,0.26,0
489,489,489,0.57,0.61,0.55,0.27,0.5,0.0,0.44,0.21,0
490,490,490,0.57,0.58,0.58,0.35,0.5,0.0,0.49,0.22,0
491,491,491,0.56,0.5,0.61,0.49,0.5,0.0,0.46,0.28,0
492,492,492,0.6,0.46,0.59,0.16,0.5,0.0,0.49,0.22,0
493,493,493,0.36,0.38,0.56,0.44,0.5,0.0,0.48,0.22,0
494,494,494,0.53,0.52,0.61,0.35,0.5,0.0,0.5,0.22,0
495,495,495,0.62,0.59,0.54,0.47,0.5,0.0,0.46,0.22,0
496,496,496,0.55,0.5,0.6,0.31,0.5,0.0,0.46,0.27,0
497,497,497,0.58,0.53,0.57,0.46,0.5,0.0,0.51,0.27,0
498,498,498,0.65,0.53,0.55,0.52,0.5,0.0,0.47,0.27,0
499,499,499,0.58,0.53,0.5,0.53,0.5,0.0,0.47,0.31,0
500,500,500,0.61,0.46,0.51,0.37,0.5,0.0,0.51,0.22,0
501,501,501,0.55,0.59,0.47,0.64,0.5,0.0,0.54,0.33,0
502,502,502,0.54,0.64,0.5,0.13,0.5,0.0,0.49,0.22,0
503,503,503,0.4,0.74,0.49,0.16,0.5,0.0,0.51,0.22,0
504,504,504,0.76,0.76,0.35,0.27,0.5,0.0,0.44,0.22,0
505,505,505,0.51,0.56,0.51,0.42,0.5,0.0,0.53,0.36,0
506,506,506,0.43,0.32,0.5,0.29,0.5,0.0,0.5,0.22,0
507,507,507,0.49,0.44,0.45,0.55,0.5,0.0,0.48,0.22,0
508,508,508,0.32,0.45,0.44,0.2,0.5,0.0,0.55,0.33,0
509,509,509,0.51,0.6,0.51,0.26,0.5,0.0,0.54,0.22,0
510,510,510,0.49,0.46,0.42,0.46,0.5,0.0,0.55,0.22,0
511,511,511,0.5,0.56,0.49,0.61,0.5,0.0,0.5,0.22,0
512,512,512,0.52,0.38,0.62,0.12,0.5,0.0,0.41,0.28,0
513,513,513,0.51,0.56,0.62,0.24,0.5,0.0,0.52,0.51,0
514,514,514,0.46,0.44,0.53,0.31,0.5,0.0,0.48,0.22,0
515,515,515,0.58,0.57,0.54,0.69,0.5,0.0,0.54,0.22,0
516,516,516,0.61,0.59,0.47,0.49,0.5,0.0,0.54,0.22,0
517,517,517,0.63,0.47,0.56,0.12,0.5,0.0,0.5,0.22,0
518,518,518,0.55,0.53,0.54,0.4,0.5,0.0,0.48,0.22,0
519,519,519,0.41,0.47,0.58,0.62,0.5,0.0,0.5,0.22,0
520,520,520,0.44,0.53,0.53,0.37,0.5,0.0,0.51,0.22,0
521,521,521,0.57,0.4,0.48,0.24,0.5,0.0,0.55,0.22,0
522,522,522,0.46,0.46,0.56,0.12,0.5,0.0,0.55,0.22,0
523,523,523,0.47,0.46,0.55,0.28,0.5,0.0,0.44,0.46,0
524,524,524,0.39,0.35,0.49,0.17,0.5,0.0,0.49,0.22,0
525,525,525,0.58,0.38,0.4,0.21,0.5,0.0,0.5,0.22,0
526,526,526,0.53,0.41,0.5,0.24,1.0,0.0,0.47,0.22,0
527,527,527,0.43,0.4,0.5,0.18,0.5,0.0,0.5,0.28,0
528,528,528,0.41,0.59,0.46,0.19,0.5,0.0,0.36,0.22,0
529,529,529,0.58,0.56,0.52,0.25,0.5,0.0,0.57,0.35,0
530,530,530,0.51,0.65,0.53,0.19,0.5,0.0,0.49,0.22,0
531,531,531,0.81,0.79,0.32,0.37,0.5,0.0,0.41,0.22,0
532,532,532,0.44,0.41,0.29,0.21,0.5,0.0,0.49,0.22,1
533,533,533,0.49,0.6,0.55,0.17,0.5,0.0,0.44,0.22,0
534,534,534,0.56,0.63,0.52,0.2,0.5,0.0,0.34,0.26,0
535,535,535,0.42,0.28,0.57,0.18,0.5,0.0,0.42,0.22,0
536,536,536,0.51,0.46,0.54,0.41,0.5,0.0,0.53,0.22,0
537,537,537,0.37,0.41,0.45,0.14,0.5,0.0,0.47,0.22,0
538,538,538,0.37,0.51,0.57,0.4,0.5,0.0,0.48,0.27,0
539,539,539,0.36,0.39,0.55,0.26,0.5,0.0,0.49,0.22,0
540,540,540,0.5,0.36,0.53,0.41,0.5,0.0,0.55,0.36,0
541,541,541,0.59,0.58,0.39,0.52,0.5,0.0,0.5,0.31,0
542,542,542,0.78,0.63,0.53,0.13,0.5,0.0,0.54,0.22,0
543,543,543,0.47,0.59,0.37,0.31,0.5,0.0,0.51,0.36,0
544,544,544,0.48,0.62,0.52,0.3,0.5,0.0,0.51,0.37,0
545,545,545,0.48,0.54,0.53,0.6,0.5,0.0,0.53,0.31,0
546,546,546,0.33,0.46,0.53,0.29,0.5,0.0,0.5,0.55,0
547,547,547,0.39,0.34,0.68,0.3,0.5,0.0,0.5,0.29,0
548,548,548,0.11,0.41,0.67,0.13,0.5,0.0,0.45,0.29,0
549,549,549,0.4,0.53,0.44,0.18,0.5,0.0,0.54,0.31,0
550,550,550,0.47,0.5,0.55,0.19,0.5,0.0,0.62,0.22,0
551,551,551,0.35,0.5,0.44,0.27,0.5,0.0,0.51,0.22,0
552,552,552,0.36,0.3,0.5,0.19,0.5,0.0,0.55,0.3,0
553,553,553,0.49,0.44,0.51,0.18,0.5,0.0,0.52,0.27,0
554,554,554,0.35,0.44,0.54,0.26,0.5,0.0,0.52,0.26,0
555,555,555,0.43,0.28,0.53,0.34,0.5,0.0,0.55,0.57,0
556,556,556,0.33,0.48,0.55,0.16,0.5,0.0,0.53,0.75,0
557,557,557,0.44,0.34,0.61,0.13,0.5,0.0,0.49,0.26,0
558,558,558,0.87,0.47,0.6,0.47,0.5,0.0,0.59,0.22,0
559,559,559,0.3,0.55,0.58,0.16,0.5,0.0,0.61,0.28,0
560,560,560,0.75,0.67,0.51,0.29,0.5,0.0,0.52,0.36,0
561,561,561,0.47,0.47,0.5,0.15,0.5,0.0,0.5,0.48,0
562,562,562,0.51,0.34,0.49,0.16,0.5,0.0,0.53,0.21,0
563,563,563,0.45,0.41,0.58,0.48,0.5,0.0,0.53,0.64,0
564,564,564,0.9,0.54,0.59,0.2,0.5,0.0,0.48,0.22,0
565,565,565,0.88,0.59,0.54,0.39,0.5,0.0,0.41,0.3,0
566,566,566,0.7,0.51,0.47,0.24,0.5,0.0,0.53,0.25,0
567,567,567,0.25,0.36,0.58,0.3,0.5,0.0,0.58,0.31,0
568,568,568,0.69,0.62,0.49,0.0,1.0,0.0,0.47,0.22,0
569,569,569,0.83,0.57,0.42,0.57,0.5,0.0,0.5,0.32,0
570,570,570,0.43,0.38,0.38,0.12,0.5,0.0,0.5,0.22,0
571,571,571,0.78,0.65,0.4,0.16,0.5,0.0,0.63,0.22,0
572,572,572,0.52,0.64,0.34,0.16,0.5,0.0,0.57,0.22,0
573,573,573,0.41,0.49,0.58,0.22,0.5,0.0,0.52,0.22,0
574,574,574,0.58,0.51,0.56,0.16,0.5,0.0,0.34,0.22,0
575,575,575,0.48,0.49,0.45,0.23,0.5,0.0,0.51,0.22,1
576,576,576,0.39,0.42,0.49,0.1,0.5,0.0,0.49,0.65,0
577,577,577,0.31,0.42,0.48,0.17,0.5,0.0,0.49,0.53,0
578,578,578,0.76,0.67,0.37,0.22,0.5,0.0,0.54,0.22,0
579,579,579,0.28,0.48,0.56,0.16,0.5,0.0,0.48,0.26,0
580,580,580,0.69,0.39,0.52,0.12,0.5,0.0,0.38,0.35,0
581,581,581,0.64,0.52,0.5,0.26,0.5,0.0,0.51,0.31,0
582,582,582,0.56,0.48,0.5,0.3,0.5,0.0,0.51,0.22,0
583,583,583,0.47,0.43,0.59,0.27,0.5,0.0,0.55,0.22,0
584,584,584,0.68,0.59,0.44,0.49,0.5,0.0,0.4,0.26,0
585,585,585,0.5,0.51,0.57,0.27,0.5,0.0,0.48,0.22,0
586,586,586,0.53,0.51,0.36,0.13,0.5,0.0,0.52,0.22,1
587,587,587,0.6,0.54,0.54,0.53,0.5,0.0,0.52,0.27,0
588,588,588,0.49,0.52,0.53,0.7,0.5,0.0,0.51,0.22,0
589,589,589,0.51,0.46,0.57,0.25,0.5,0.0,0.53,0.22,0
590,590,590,0.49,0.45,0.46,0.18,0.5,0.0,0.49,0.31,0
591,591,591,0.52,0.46,0.51,0.18,0.5,0.0,0.5,0.22,0
592,592,592,0.39,0.58,0.5,0.1,0.5,0.0,0.51,0.25,0
593,593,593,0.7,0.84,0.49,0.28,1.0,0.0,0.58,0.22,0
594,594,594,0.61,0.46,0.44,0.47,0.5,0.0,0.5,0.37,0
595,595,595,0.41,0.48,0.38,0.13,0.5,0.0,0.51,0.35,1
596,596,596,0.37,0.42,0.6,0.13,0.5,0.0,0.51,0.22,0
597,597,597,0.45,0.58,0.59,0.44,0.5,0.0,0.56,0.22,0
598,598,598,0.74,0.89,0.32,0.24,0.5,0.0,0.54,0.32,0
599,599,599,0.28,0.46,0.26,0.18,0.5,0.0,0.39,0.22,0
600,600,600,0.51,0.46,0.49,0.21,0.5,0.0,0.55,0.22,0
601,601,601,0.8,0.82,0.57,0.26,0.5,0.0,0.57,0.27,0
602,602,602,0.46,0.49,0.45,0.28,0.5,0.0,0.55,0.22,0
603,603,603,0.4,0.36,0.55,0.15,0.5,0.0,0.53,0.22,0
604,604,604,0.67,0.46,0.58,0.3,0.5,0.0,0.57,0.27,0
605,605,605,0.5,0.32,0.49,0.49,0.5,0.0,0.48,0.32,0
606,606,606,0.45,0.53,0.47,0.43,0.5,0.0,0.5,0.27,0
607,607,607,0.75,0.6,0.43,0.35,0.5,0.0,0.45,0.27,0
608,608,608,0.56,0.68,0.52,0.39,0.5,0.0,0.36,0.22,0
609,609,609,0.59,0.45,0.58,0.21,0.5,0.0,0.49,0.22,0
610,610,610,0.48,0.52,0.49,0.35,0.5,0.5,0.51,0.22,0
611,611,611,0.59,0.58,0.47,0.61,0.5,0.0,0.44,0.3,0
612,612,612,0.5,0.57,0.62,0.25,0.5,0.0,0.51,0.22,0
613,613,613,0.57,0.49,0.5,0.2,0.5,0.0,0.51,0.28,0
614,614,614,0.62,0.43,0.49,0.29,0.5,0.0,0.5,0.27,0
615,615,615,0.45,0.41,0.49,0.14,1.0,0.0,0.53,0.3,0
616,616,616,0.47,0.49,0.6,0.15,0.5,0.0,0.38,0.22,0
617,617,617,0.41,0.48,0.54,0.24,0.5,0.0,0.37,0.51,0
618,618,618,0.48,0.42,0.48,0.19,0.5,0.0,0.58,0.22,0
619,619,619,0.43,0.45,0.53,0.19,0.5,0.0,0.56,0.22,0
620,620,620,0.48,0.46,0.58,0.26,0.5,0.0,0.44,0.22,0
621,621,621,0.74,0.72,0.5,0.28,0.5,0.0,0.5,0.27,0
622,622,622,0.38,0.62,0.52,0.14,0.5,0.0,0.53,0.22,0
623,623,623,0.77,0.72,0.48,0.26,0.5,0.0,0.51,0.22,0
624,624,624,0.44,0.42,0.57,0.22,0.5,0.0,0.5,0.25,0
625,625,625,0.74,0.74,0.51,0.27,0.5,0.0,0.5,0.22,0
626,626,626,0.39,0.81,0.35,0.28,0.5,0.0,0.51,0.45,1
627,627,627,0.38,0.45,0.37,0.19,0.5,0.0,0.52,0.3,1
628,628,628,0.4,0.37,0.54,0.13,0.5,0.0,0.48,0.22,0
629,629,629,0.31,0.3,0.34,0.19,0.5,0.0,0.55,0.3,1
630,630,630,0.5,0.42,0.57,0.49,0.5,0.0,0.48,0.27,0
631,631,631,0.59,0.61,0.51,0.62,0.5,0.0,0.51,0.38,0
632,632,632,0.45,0.4,0.43,0.22,0.5,0.0,0.51,0.48,0
633,633,633,0.77,0.78,0.51,0.28,0.5,0.0,0.33,0.22,0
634,634,634,0.74,0.71,0.52,0.3,0.5,0.0,0.27,0.22,0
635,635,635,0.77,0.73,0.51,0.27,0.5,0.0,0.34,0.22,0
636,636,636,0.47,0.61,0.5,0.23,0.5,0.0,0.49,0.22,1
637,637,637,0.78,0.69,0.44,0.26,0.5,0.0,0.54,0.22,0
638,638,638,0.49,0.6,0.3,0.34,0.5,0.0,0.5,0.43,1
639,639,639,0.27,0.56,0.3,0.14,0.5,0.0,0.52,0.39,1
640,640,640,0.4,0.39,0.33,0.17,0.5,0.0,0.51,0.31,0
641,641,641,0.55,0.51,0.54,0.2,0.5,0.0,0.56,0.22,0
642,642,642,0.95,0.71,0.27,0.39,0.5,0.0,0.31,0.22,0
643,643,643,0.97,0.71,0.29,0.42,0.5,0.0,0.35,0.22,0
644,644,644,0.44,0.43,0.34,0.21,0.5,0.0,0.55,0.4,1
645,645,645,0.39,0.49,0.3,0.19,0.5,0.0,0.52,0.31,1
646,646,646,0.38,0.48,0.51,0.13,0.5,0.0,0.5,0.32,0
647,647,647,0.27,0.49,0.36,0.26,0.5,0.0,0.49,0.26,1
648,648,648,0.49,0.48,0.52,0.2,0.5,0.0,0.55,0.22,0
649,649,649,0.36,0.39,0.54,0.16,0.5,0.0,0.5,0.28,0
650,650,650,0.54,0.53,0.48,0.14,0.5,0.0,0.49,0.33,0
651,651,651,0.37,0.48,0.5,0.26,0.5,0.0,0.52,0.39,0
652,652,652,0.25,0.39,0.5,0.23,0.5,0.0,0.5,0.28,0
653,653,653,0.56,0.5,0.56,0.26,0.5,0.0,0.53,0.27,0
654,654,654,0.41,0.53,0.41,0.15,0.5,0.0,0.54,0.25,0
655,655,655,0.5,0.45,0.53,0.21,0.5,0.0,0.28,0.22,0
656,656,656,0.66,0.55,0.34,0.2,0.5,0.0,0.62,0.22,1
657,657,657,0.42,0.65,0.58,0.34,0.5,0.0,0.5,0.22,0
658,658,658,0.45,0.47,0.53,0.15,0.5,0.0,0.52,0.27,0
659,659,659,0.42,0.28,0.51,0.23,0.5,0.0,0.53,0.27,0
660,660,660,0.51,0.48,0.46,0.29,0.5,0.0,0.54,0.22,0
661,661,661,0.63,0.55,0.53,0.51,0.5,0.0,0.55,0.22,0
662,662,662,0.55,0.63,0.54,0.16,0.5,0.0,0.45,0.27,0
663,663,663,0.53,0.59,0.48,0.14,0.5,0.0,0.51,0.22,0
664,664,664,0.42,0.53,0.57,0.17,0.5,0.0,0.49,0.22,0
665,665,665,0.52,0.46,0.56,0.2,0.5,0.0,0.5,0.22,0
666,666,666,0.53,0.43,0.57,0.24,0.5,0.0,0.39,0.28,0
667,667,667,0.33,0.35,0.56,0.19,0.5,0.0,0.5,0.22,0
668,668,668,0.45,0.48,0.56,0.56,0.5,0.0,0.47,0.22,0
669,669,669,0.56,0.48,0.5,0.17,0.5,0.0,0.51,0.26,0
670,670,670,0.77,0.57,0.45,0.17,0.5,0.0,0.53,0.22,0
671,671,671,0.56,0.59,0.54,0.18,0.5,0.0,0.48,0.46,0
672,672,672,0.33,0.39,0.52,0.09,0.5,0.0,0.47,0.28,0
673,673,673,0.48,0.41,0.54,0.39,0.5,0.0,0.51,0.22,0
674,674,674,0.3,0.3,0.46,0.32,0.5,0.0,0.45,0.22,0
675,675,675,0.38,0.26,0.6,0.1,0.5,0.0,0.48,0.44,0
676,676,676,0.62,0.41,0.52,0.17,0.5,0.0,0.48,0.22,0
677,677,677,0.52,0.37,0.48,0.13,0.5,0.0,0.55,0.22,0
678,678,678,0.32,0.48,0.49,0.17,0.5,0.0,0.47,0.22,0
679,679,679,0.34,0.35,0.58,0.2,0.5,0.0,0.46,0.32,0
680,680,680,0.33,0.21,0.53,0.15,1.0,0.0,0.52,0.5,0
681,681,681,0.49,0.45,0.57,0.24,0.5,0.0,0.47,0.38,0
682,682,682,0.4,0.28,0.48,0.06,0.5,0.0,0.49,0.42,0
683,683,683,0.51,0.39,0.56,0.25,0.5,0.0,0.51,0.33,0
684,684,684,0.45,0.45,0.52,0.17,0.5,0.0,0.54,0.22,0
685,685,685,0.28,0.51,0.55,0.19,0.5,0.0,0.57,0.22,0
686,686,686,0.51,0.51,0.56,0.28,0.5,0.0,0.54,0.27,0
687,687,687,0.59,0.46,0.48,0.46,0.5,0.0,0.49,0.22,0
688,688,688,0.51,0.46,0.4,0.65,0.5,0.0,0.49,0.22,0
689,689,689,0.37,0.44,0.51,0.56,0.5,0.0,0.5,0.38,0
690,690,690,0.81,0.55,0.35,0.34,0.5,0.0,0.51,0.22,0
691,691,691,0.53,0.45,0.53,0.18,0.5,0.0,0.42,0.22,0
692,692,692,0.45,0.27,0.5,0.33,0.5,0.0,0.53,0.26,0
693,693,693,0.48,0.5,0.56,0.11,0.5,0.0,0.33,0.22,0
694,694,694,0.35,0.47,0.53,0.19,0.5,0.0,0.48,0.22,0
695,695,695,0.6,0.59,0.47,0.47,0.5,0.0,0.53,0.22,0
696,696,696,0.45,0.53,0.51,0.42,0.5,0.0,0.52,0.22,0
697,697,697,0.29,0.4,0.41,0.48,0.5,0.0,0.53,0.3,0
698,698,698,0.58,0.53,0.33,0.26,0.5,0.0,0.51,0.22,1
699,699,699,0.46,0.43,0.5,0.24,0.5,0.0,0.48,0.31,0
700,700,700,0.43,0.46,0.5,0.21,0.5,0.0,0.49,0.34,0
701,701,701,0.49,0.45,0.54,0.4,0.5,0.0,0.55,0.22,0
702,702,702,0.64,0.53,0.59,0.14,0.5,0.0,0.53,0.22,0
703,703,703,0.57,0.6,0.54,0.17,0.5,0.0,0.52,0.22,0
704,704,704,0.38,0.31,0.59,0.19,0.5,0.0,0.46,0.22,0
705,705,705,0.24,0.41,0.47,0.16,0.5,0.0,0.51,0.38,0
706,706,706,0.33,0.28,0.5,0.4,0.5,0.0,0.46,0.61,0
707,707,707,0.39,0.44,0.54,0.24,0.5,0.0,0.51,0.49,0
708,708,708,0.43,0.48,0.53,0.18,0.5,0.0,0.46,0.22,0
709,709,709,0.47,0.43,0.48,0.16,0.5,0.0,0.46,0.27,0
710,710,710,0.52,0.5,0.51,0.2,0.5,0.0,0.51,0.22,0
711,711,711,0.33,0.28,0.52,0.15,0.5,0.0,0.51,0.86,0
712,712,712,0.36,0.48,0.5,0.13,0.5,0.0,0.49,0.6,0
713,713,713,0.45,0.54,0.49,0.29,0.5,0.0,0.49,0.25,0
714,714,714,0.55,0.59,0.53,0.15,0.5,0.0,0.49,0.22,0
715,715,715,0.43,0.41,0.51,0.34,0.5,0.0,0.49,0.28,0
716,716,716,0.64,0.5,0.53,0.1,0.5,0.0,0.51,0.22,0
717,717,717,0.41,0.52,0.56,0.26,0.5,0.0,0.48,0.32,0
718,718,718,0.48,0.47,0.59,0.41,0.5,0.0,0.56,0.27,0
719,719,719,0.49,0.49,0.51,0.29,0.5,0.0,0.52,0.71,0
720,720,720,0.41,0.52,0.51,0.22,0.5,0.0,0.52,0.44,0
721,721,721,0.51,0.61,0.5,0.23,0.5,0.0,0.52,0.61,0
722,722,722,0.59,0.47,0.51,0.53,0.5,0.0,0.53,0.26,0
723,723,723,0.4,0.6,0.5,0.16,0.5,0.0,0.51,0.22,0
724,724,724,0.61,0.46,0.54,0.11,0.5,0.0,0.47,0.22,0
725,725,725,0.66,0.55,0.54,0.18,0.5,0.0,0.43,0.22,0
726,726,726,0.53,0.46,0.54,0.37,0.5,0.0,0.51,0.3,0
727,727,727,0.41,0.41,0.43,0.61,0.5,0.0,0.53,0.22,0
728,728,728,0.58,0.31,0.6,0.12,0.5,0.0,0.47,0.33,0
729,729,729,0.44,0.33,0.55,0.16,0.5,0.0,0.49,0.22,0
730,730,730,0.57,0.55,0.52,0.16,0.5,0.0,0.49,0.39,0
731,731,731,0.45,0.66,0.39,0.11,0.5,0.0,0.54,0.22,1
732,732,732,0.32,0.49,0.53,0.28,0.5,0.0,0.5,0.5,0
733,733,733,0.35,0.42,0.56,0.28,0.5,0.0,0.47,0.22,0
734,734,734,0.47,0.47,0.54,0.19,0.5,0.0,0.51,0.33,0
735,735,735,0.34,0.58,0.5,0.26,0.5,0.0,0.51,0.22,0
736,736,736,0.55,0.45,0.58,0.25,0.5,0.0,0.49,0.22,0
737,737,737,0.4,0.66,0.34,0.21,0.5,0.0,0.52,0.26,0
738,738,738,0.42,0.21,0.59,0.3,0.5,0.0,0.47,0.27,0
739,739,739,0.6,0.48,0.46,0.32,0.5,0.0,0.4,0.33,0
740,740,740,0.64,0.44,0.51,0.35,0.5,0.0,0.53,0.22,0
741,741,741,0.35,0.4,0.44,0.25,0.5,0.0,0.53,0.57,0
742,742,742,0.55,0.38,0.64,0.42,0.5,0.0,0.47,0.22,0
743,743,743,0.45,0.43,0.5,0.25,0.5,0.0,0.47,0.22,0
744,744,744,0.47,0.53,0.48,0.51,0.5,0.0,0.54,0.22,0
745,745,745,0.45,0.49,0.57,0.25,0.5,0.0,0.48,0.22,0
746,746,746,0.45,0.52,0.5,0.12,0.5,0.0,0.6,0.22,0
747,747,747,0.56,0.51,0.32,0.49,0.5,0.0,0.48,0.22,0
748,748,748,0.47,0.45,0.51,0.33,0.5,0.0,0.46,0.26,0
749,749,749,0.43,0.44,0.64,0.19,0.5,0.0,0.38,0.33,0
750,750,750,0.38,0.4,0.59,0.25,0.5,0.0,0.44,0.22,0
751,751,751,0.39,0.39,0.59,0.25,0.5,0.0,0.45,0.22,0
752,752,752,0.54,0.55,0.56,0.14,0.5,0.0,0.5,0.25,0
753,753,753,0.45,0.5,0.57,0.29,0.5,0.0,0.44,0.11,0
754,754,754,0.43,0.33,0.54,0.37,0.5,0.0,0.38,0.16,0
755,755,755,0.43,0.33,0.54,0.37,0.5,0.0,0.38,0.16,0
756,756,756,0.51,0.39,0.58,0.19,0.5,0.0,0.47,0.22,0
757,757,757,0.72,0.51,0.52,0.08,0.5,0.0,0.54,0.22,0
758,758,758,0.56,0.49,0.54,0.15,0.5,0.0,0.5,0.35,0
759,759,759,0.57,0.37,0.43,0.27,0.5,0.0,0.53,0.28,0
760,760,760,0.57,0.49,0.61,0.26,0.5,0.0,0.52,0.22,0
761,761,761,0.48,0.45,0.63,0.19,0.5,0.0,0.58,0.22,0
762,762,762,0.54,0.57,0.55,0.18,0.5,0.0,0.5,0.22,0
763,763,763,0.38,0.44,0.55,0.44,0.5,0.0,0.47,0.51,0
764,764,764,0.4,0.3,0.57,0.13,0.5,0.0,0.46,0.22,0
765,765,765,0.27,0.31,0.55,0.13,0.5,0.0,0.5,0.22,0
766,766,766,0.52,0.46,0.56,0.25,0.5,0.0,0.52,0.22,0
767,767,767,0.34,0.47,0.48,0.32,0.5,0.0,0.42,0.22,0
768,768,768,0.5,0.56,0.63,0.25,0.5,0.0,0.42,0.22,0
769,769,769,0.46,0.53,0.47,0.37,0.5,0.0,0.51,0.36,0
770,770,770,0.57,0.42,0.63,0.22,0.5,0.0,0.68,0.32,0
771,771,771,0.37,0.45,0.53,0.14,0.5,0.0,0.49,0.22,0
772,772,772,0.36,0.49,0.55,0.21,0.5,0.0,0.55,0.33,0
773,773,773,0.29,0.4,0.5,0.16,0.5,0.0,0.51,0.34,0
774,774,774,0.37,0.3,0.51,0.15,0.5,0.0,0.58,0.26,0
775,775,775,0.35,0.33,0.48,0.42,0.5,0.0,0.47,0.43,0
776,776,776,0.46,0.35,0.69,0.18,0.5,0.0,0.3,0.25,0
777,777,777,0.46,0.35,0.69,0.18,0.5,0.0,0.3,0.25,0
778,778,778,0.57,0.43,0.52,0.3,0.5,0.0,0.37,0.11,0
779,779,779,0.57,0.43,0.52,0.3,0.5,0.0,0.37,0.11,0
780,780,780,0.59,0.51,0.48,0.12,0.5,0.0,0.54,0.31,0
781,781,781,0.59,0.51,0.48,0.12,0.5,0.0,0.54,0.31,0
782,782,782,0.61,0.53,0.59,0.17,0.5,0.0,0.44,0.28,0
783,783,783,0.61,0.48,0.56,0.19,0.5,0.0,0.53,0.31,0
784,784,784,0.61,0.48,0.56,0.19,0.5,0.0,0.53,0.31,0
785,785,785,0.44,0.56,0.52,0.18,0.5,0.0,0.5,0.11,0
786,786,786,0.37,0.44,0.64,0.48,0.5,0.0,0.36,0.27,0
787,787,787,0.72,0.37,0.63,0.38,0.5,0.0,0.4,0.14,0
788,788,788,0.72,0.37,0.63,0.38,0.5,0.0,0.4,0.14,0
789,789,789,0.44,0.36,0.64,0.45,0.5,0.0,0.53,0.11,0
790,790,790,0.58,0.45,0.55,0.27,0.5,0.0,0.48,0.11,0
791,791,791,0.43,0.33,0.67,0.12,0.5,0.0,0.43,0.23,0
792,792,792,0.58,0.44,0.5,0.26,0.5,0.0,0.52,0.22,0
793,793,793,0.38,0.43,0.53,0.22,0.5,0.0,0.48,0.11,0
794,794,794,0.4,0.45,0.61,0.29,0.5,0.0,0.44,0.22,0
795,795,795,0.4,0.45,0.61,0.29,0.5,0.0,0.44,0.22,0
796,796,796,0.34,0.34,0.65,0.4,0.5,0.0,0.32,0.16,0
797,797,797,0.34,0.34,0.65,0.4,0.5,0.0,0.32,0.16,0
798,798,798,0.43,0.22,0.79,0.79,0.5,0.0,0.22,0.0,0
799,799,799,0.35,0.21,1.0,0.8,0.5,0.0,0.13,0.01,0
800,800,800,0.56,0.35,0.47,0.35,0.5,0.0,0.52,0.22,0
801,801,801,0.54,0.44,0.55,0.48,0.5,0.0,0.47,0.22,0
802,802,802,0.35,0.39,0.56,0.2,0.5,0.0,0.49,0.41,0
803,803,803,0.48,0.46,0.58,0.16,0.5,0.0,0.45,0.22,0
804,804,804,0.48,0.55,0.48,0.1,0.5,0.0,0.55,0.22,0
805,805,805,0.69,0.54,0.55,0.23,0.5,0.0,0.73,0.22,0
806,806,806,0.42,0.49,0.49,0.36,0.5,0.0,0.57,0.26,0
807,807,807,0.44,0.62,0.53,0.27,0.5,0.0,0.49,0.22,0
808,808,808,0.56,0.61,0.52,0.19,0.5,0.0,0.52,0.32,0
809,809,809,0.46,0.33,0.45,0.22,0.5,0.0,0.41,0.37,0
810,810,810,0.52,0.43,0.61,0.22,0.5,0.0,0.45,0.22,0
811,811,811,0.32,0.44,0.54,0.21,0.5,0.0,0.4,0.19,0
812,812,812,0.32,0.44,0.54,0.21,0.5,0.0,0.4,0.19,0
813,813,813,0.48,0.41,0.52,0.33,0.5,0.0,0.51,0.26,0
814,814,814,0.46,0.39,0.54,0.22,0.5,0.0,0.48,0.25,0
815,815,815,0.46,0.39,0.54,0.22,0.5,0.0,0.48,0.25,0
816,816,816,0.42,0.5,0.64,0.13,0.5,0.0,0.49,0.22,0
817,817,817,0.46,0.54,0.59,0.41,0.5,0.0,0.53,0.21,0
818,818,818,0.46,0.54,0.59,0.41,0.5,0.0,0.53,0.21,0
819,819,819,0.39,0.65,0.57,0.19,0.5,0.0,0.44,0.25,0
820,820,820,0.39,0.65,0.57,0.19,0.5,0.0,0.43,0.25,0
821,821,821,0.38,0.5,0.52,0.44,0.5,0.0,0.54,0.11,0
822,822,822,0.38,0.5,0.52,0.44,0.5,0.0,0.54,0.11,0
823,823,823,0.51,0.52,0.58,0.17,0.5,0.0,0.47,0.28,0
824,824,824,0.57,0.48,0.54,0.22,0.5,0.0,0.5,0.11,0
825,825,825,0.5,0.5,0.62,0.23,0.5,0.0,0.35,0.11,0
826,826,826,0.53,0.57,0.6,0.36,0.5,0.0,0.5,0.22,0
827,827,827,0.37,0.3,0.62,0.43,0.5,0.0,0.44,0.39,0
828,828,828,0.6,0.57,0.52,0.14,0.5,0.0,0.46,0.48,0
829,829,829,0.42,0.38,0.52,0.29,0.5,0.0,0.42,0.22,0
830,830,830,0.49,0.4,0.58,0.23,0.5,0.0,0.47,0.27,0
831,831,831,0.37,0.37,0.51,0.38,0.5,0.0,0.44,0.22,0
832,832,832,0.57,0.5,0.4,0.08,0.5,0.0,0.47,0.22,1
833,833,833,0.34,0.25,0.55,0.28,0.5,0.0,0.51,0.49,0
834,834,834,0.77,0.86,0.44,0.27,0.5,0.0,0.48,0.22,0
835,835,835,0.59,0.54,0.53,0.14,0.5,0.0,0.48,0.22,0
836,836,836,0.5,0.48,0.48,0.23,0.5,0.0,0.53,0.68,0
837,837,837,0.39,1.0,0.38,0.41,0.5,0.0,0.5,0.27,0
838,838,838,0.56,0.42,0.52,0.14,0.5,0.0,0.51,0.22,0
839,839,839,0.52,0.54,0.47,0.49,0.5,0.0,0.54,0.22,0
840,840,840,0.56,0.65,0.49,0.56,0.5,0.0,0.49,0.22,0
841,841,841,0.54,0.64,0.4,0.56,0.5,0.0,0.51,0.22,0
842,842,842,0.47,0.58,0.47,0.52,0.5,0.0,0.54,0.22,0
843,843,843,0.46,0.42,0.51,0.16,0.5,0.0,0.56,0.22,0
844,844,844,0.55,0.52,0.44,0.2,0.5,0.0,0.56,0.22,0
845,845,845,0.49,0.38,0.56,0.09,0.5,0.0,0.46,0.22,0
846,846,846,0.38,0.4,0.53,0.12,0.5,0.0,0.55,0.22,0
847,847,847,0.55,0.55,0.52,0.13,0.5,0.0,0.53,0.25,0
848,848,848,0.46,0.44,0.58,0.17,0.5,0.0,0.55,0.22,0
849,849,849,0.34,0.46,0.52,0.19,0.5,0.0,0.53,0.26,0
850,850,850,0.44,0.71,0.5,0.21,0.5,0.0,0.54,0.27,0
851,851,851,0.56,0.49,0.32,0.22,0.5,0.0,0.5,0.22,0
852,852,852,0.41,0.49,0.47,0.09,0.5,0.0,0.49,0.22,0
853,853,853,0.44,0.51,0.53,0.3,0.5,0.0,0.53,0.22,0
854,854,854,0.51,0.51,0.32,0.27,0.5,0.0,0.54,0.22,1
855,855,855,0.46,0.38,0.51,0.2,0.5,0.0,0.51,0.22,0
856,856,856,0.55,0.72,0.35,0.26,0.5,0.0,0.49,0.22,1
857,857,857,0.65,0.66,0.37,0.12,0.5,0.0,0.52,0.27,1
858,858,858,0.41,0.4,0.56,0.17,0.5,0.0,0.56,0.22,0
859,859,859,0.39,0.71,0.38,0.14,0.5,0.0,0.5,0.22,0
860,860,860,0.37,0.42,0.46,0.15,0.5,0.0,0.51,0.31,0
861,861,861,0.59,0.55,0.57,0.18,0.5,0.0,0.51,0.22,0
862,862,862,0.48,0.51,0.5,0.24,0.5,0.0,0.54,0.38,0
863,863,863,0.39,0.3,0.63,0.2,0.5,0.0,0.43,0.47,0
864,864,864,0.47,0.52,0.54,0.25,0.5,0.0,0.54,0.29,0
865,865,865,0.77,0.82,0.4,0.36,0.5,0.0,0.38,0.22,0
866,866,866,0.42,0.28,0.33,0.23,0.5,0.0,0.39,0.26,1
867,867,867,0.48,0.5,0.47,0.29,0.5,0.0,0.46,0.27,0
868,868,868,0.54,0.59,0.57,0.34,0.5,0.0,0.49,0.22,0
869,869,869,0.7,0.78,0.53,0.24,0.5,0.0,0.48,0.22,0
870,870,870,0.85,0.69,0.34,0.31,0.5,0.0,0.57,0.3,0
871,871,871,0.47,0.56,0.53,0.44,0.5,0.0,0.53,0.22,0
872,872,872,0.53,0.49,0.47,0.21,0.5,0.0,0.53,0.22,0
873,873,873,0.7,0.57,0.34,0.19,0.5,0.0,0.53,0.27,0
874,874,874,0.42,0.43,0.67,0.7,0.5,0.0,0.42,0.25,0
875,875,875,0.47,0.44,0.53,0.18,0.5,0.0,0.47,0.29,0
876,876,876,0.4,0.49,0.53,0.23,0.5,0.0,0.44,0.26,0
877,877,877,0.42,0.42,0.55,0.31,0.5,0.0,0.43,0.22,0
878,878,878,0.42,0.28,0.49,0.22,0.5,0.0,0.55,0.34,0
879,879,879,0.47,0.5,0.47,0.22,0.5,0.0,0.53,0.45,0
880,880,880,0.56,0.55,0.57,0.15,0.5,0.0,0.54,0.25,0
881,881,881,0.32,0.6,0.48,0.13,0.5,0.0,0.53,0.22,0
882,882,882,0.46,0.56,0.56,0.25,0.5,0.0,0.43,0.22,0
883,883,883,0.47,0.55,0.57,0.17,0.5,0.0,0.52,0.66,0
884,884,884,0.37,0.55,0.52,0.13,0.5,0.0,0.42,0.8,0
885,885,885,0.46,0.48,0.38,0.22,0.5,0.0,0.39,0.45,1
886,886,886,0.8,0.69,0.53,0.33,0.5,0.0,0.51,0.22,0
887,887,887,0.52,0.65,0.36,0.37,0.5,0.0,0.52,0.34,1
888,888,888,0.19,0.16,0.68,0.36,0.5,0.0,0.49,0.21,0
889,889,889,0.64,0.31,0.53,0.15,0.5,0.0,0.53,0.31,0
890,890,890,0.4,0.43,0.36,0.33,0.5,0.0,0.51,0.22,1
891,891,891,0.47,0.56,0.51,0.2,0.5,0.0,0.52,0.59,0
892,892,892,0.48,0.55,0.58,0.18,0.5,0.0,0.38,0.69,0
893,893,893,0.57,0.51,0.34,0.13,0.5,0.0,0.53,0.27,0
894,894,894,0.23,0.37,0.32,0.13,0.5,0.0,0.53,0.22,0
895,895,895,0.54,0.5,0.51,0.26,0.5,0.0,0.52,0.22,0
896,896,896,0.27,0.41,0.24,0.2,0.5,0.0,0.49,0.22,1
897,897,897,0.25,0.35,0.22,0.18,0.5,0.0,0.46,0.22,1
898,898,898,0.39,0.45,0.51,0.29,0.5,0.0,0.54,0.22,0
899,899,899,0.33,0.47,0.55,0.24,0.5,0.0,0.45,0.67,0
900,900,900,0.37,0.4,0.38,0.18,0.5,0.0,0.51,0.22,1
901,901,901,0.43,0.47,0.47,0.18,0.5,0.0,0.47,0.22,0
902,902,902,0.66,0.43,0.57,0.6,0.5,0.0,0.19,0.33,0
903,903,903,0.33,0.46,0.6,0.18,0.5,0.0,0.51,0.26,0
904,904,904,0.51,0.5,0.54,0.11,0.5,0.0,0.6,0.22,0
905,905,905,0.54,0.6,0.57,0.17,0.5,0.0,0.44,0.22,0
906,906,906,0.45,0.57,0.38,0.28,0.5,0.0,0.53,0.31,1
907,907,907,0.54,0.47,0.58,0.4,0.5,0.0,0.46,0.27,0
908,908,908,0.46,0.41,0.45,0.23,0.5,0.0,0.48,0.22,0
909,909,909,0.4,0.39,0.6,0.23,0.5,0.0,0.52,0.31,0
910,910,910,0.52,0.47,0.58,0.18,0.5,0.0,0.34,0.11,0
911,911,911,0.52,0.47,0.58,0.18,0.5,0.0,0.34,0.11,0
912,912,912,0.5,0.45,0.51,0.19,0.5,0.0,0.53,0.25,0
913,913,913,0.57,0.55,0.51,0.18,0.5,0.0,0.51,0.43,0
914,914,914,0.44,0.43,0.46,0.28,0.5,0.0,0.45,0.29,0
915,915,915,0.46,0.5,0.5,0.28,0.5,0.0,0.5,0.37,0
916,916,916,0.77,0.73,0.49,0.46,0.5,0.0,0.38,0.22,0
917,917,917,0.38,0.58,0.46,0.21,0.5,0.0,0.52,0.22,0
918,918,918,0.32,0.68,0.51,0.16,0.5,0.83,0.55,0.22,0
919,919,919,0.27,0.46,0.52,0.17,0.5,0.0,0.49,0.44,0
920,920,920,0.52,0.45,0.45,0.13,0.5,0.0,0.48,0.22,0
921,921,921,0.37,0.29,0.45,0.15,0.5,0.0,0.49,0.22,0
922,922,922,0.37,0.48,0.67,0.37,0.5,0.0,0.56,0.62,0
923,923,923,0.44,0.59,0.54,0.18,0.5,0.0,0.49,0.22,0
924,924,924,0.48,0.65,0.36,0.24,0.5,0.0,0.54,0.31,0
925,925,925,0.59,0.49,0.45,0.22,0.5,0.0,0.45,0.31,0
926,926,926,0.73,0.52,0.59,0.25,0.5,0.0,0.51,0.22,0
927,927,927,0.5,0.43,0.5,0.17,0.5,0.0,0.46,0.47,0
928,928,928,0.23,0.13,0.51,0.16,0.5,0.0,0.53,0.51,0
929,929,929,0.52,0.31,0.56,0.16,0.5,0.0,0.55,0.22,0
930,930,930,0.49,0.6,0.42,0.18,0.5,0.0,0.58,0.28,0
931,931,931,0.6,0.62,0.54,0.11,0.5,0.0,0.51,0.22,0
932,932,932,0.55,0.47,0.53,0.2,0.5,0.0,0.4,0.22,0
933,933,933,0.47,0.32,0.51,0.24,0.5,0.0,0.54,0.27,0
934,934,934,0.53,0.25,0.59,0.27,0.5,0.0,0.45,0.26,0
935,935,935,0.31,0.5,0.54,0.32,0.5,0.0,0.53,0.31,0
936,936,936,0.25,0.33,0.48,0.18,0.5,0.0,0.42,0.33,0
937,937,937,0.55,0.46,0.47,0.15,0.5,0.0,0.47,0.22,1
938,938,938,0.61,0.5,0.61,0.21,0.5,0.0,0.55,0.54,0
939,939,939,0.5,0.52,0.51,0.22,0.5,0.0,0.46,0.37,0
940,940,940,0.62,0.33,0.49,0.24,0.5,0.0,0.51,0.42,0
941,941,941,0.56,0.52,0.46,0.17,0.5,0.0,0.49,0.73,0
942,942,942,0.52,0.56,0.55,0.16,0.5,0.0,0.53,0.39,0
943,943,943,0.53,0.48,0.51,0.18,0.5,0.0,0.52,0.27,0
944,944,944,0.51,0.48,0.51,0.26,0.5,0.0,0.51,0.27,0
945,945,945,0.53,0.48,0.51,0.18,0.5,0.0,0.51,0.27,0
946,946,946,0.44,0.39,0.63,0.11,0.5,0.0,0.49,0.26,0
947,947,947,0.51,0.5,0.49,0.45,0.5,0.0,0.48,0.22,0
948,948,948,0.38,0.42,0.47,0.12,0.5,0.0,0.47,0.53,0
949,949,949,0.19,0.66,0.6,0.14,0.5,0.0,0.2,0.25,0
950,950,950,0.25,0.42,0.21,0.14,0.5,0.0,0.41,0.22,1
951,951,951,0.7,0.58,0.53,0.39,0.5,0.0,0.59,0.22,0
952,952,952,0.4,0.65,0.38,0.17,0.5,0.0,0.57,0.22,1
953,953,953,0.36,0.37,0.63,0.25,0.5,0.0,0.3,0.22,0
954,954,954,0.49,0.55,0.41,0.19,0.5,0.0,0.48,0.31,1
955,955,955,0.3,0.45,0.55,0.19,0.5,0.0,0.53,0.4,0
956,956,956,0.88,0.72,0.32,0.3,0.5,0.0,0.52,0.33,0
957,957,957,0.45,0.57,0.52,0.21,0.5,0.0,0.54,0.38,0
958,958,958,0.46,0.61,0.38,0.35,0.5,0.0,0.49,0.22,1
959,959,959,0.55,0.41,0.67,0.61,0.5,0.0,0.49,0.14,0
960,960,960,0.28,0.18,0.72,0.26,0.5,0.0,0.49,0.25,0
961,961,961,0.66,0.65,0.53,0.17,0.5,0.0,0.47,0.66,0
962,962,962,0.48,0.54,0.56,0.29,0.5,0.0,0.51,0.43,0
963,963,963,0.33,0.37,0.49,0.22,0.5,0.0,0.55,0.22,0
964,964,964,0.58,0.43,0.32,0.11,0.5,0.0,0.49,0.22,0
965,965,965,0.74,0.82,0.46,0.24,0.5,0.0,0.5,0.31,0
966,966,966,0.75,0.76,0.58,0.22,0.5,0.0,0.49,0.22,0
967,967,967,0.58,0.37,0.58,0.16,0.5,0.0,0.51,0.22,0
968,968,968,0.51,0.59,0.55,0.21,0.5,0.0,0.52,0.22,0
969,969,969,0.43,0.28,0.41,0.32,0.5,0.0,0.52,0.22,1
970,970,970,0.41,0.49,0.55,0.13,0.5,0.0,0.55,0.22,0
971,971,971,0.23,0.29,0.46,0.0,0.5,0.0,0.43,0.31,0
972,972,972,0.25,0.48,0.45,0.32,0.5,0.0,0.4,0.22,0
973,973,973,0.38,0.34,0.55,0.44,0.5,0.0,0.48,0.26,0
974,974,974,0.61,0.54,0.54,0.38,0.5,0.0,0.54,0.29,0
975,975,975,0.48,0.17,0.37,0.33,0.5,0.0,0.44,0.36,0
976,976,976,0.47,0.47,0.5,0.19,0.5,0.0,0.51,0.26,0
977,977,977,0.55,0.38,0.52,0.16,0.5,0.0,0.49,0.64,0
978,978,978,0.41,0.39,0.61,0.17,0.5,0.0,0.5,0.61,0
979,979,979,0.41,0.56,0.53,0.16,0.5,0.0,0.55,0.26,0
980,980,980,0.78,0.73,0.27,0.28,0.5,0.0,0.56,0.22,0
981,981,981,0.31,0.4,0.31,0.17,0.5,0.0,0.52,0.22,1
982,982,982,0.44,0.65,0.49,0.16,0.5,0.0,0.48,0.31,0
983,983,983,0.48,0.44,0.46,0.37,0.5,0.0,0.46,0.36,0
984,984,984,0.5,0.49,0.46,0.22,0.5,0.0,0.53,0.25,0
985,985,985,0.62,0.42,0.47,0.16,0.5,0.0,0.52,0.22,0
986,986,986,0.5,0.45,0.52,0.18,0.5,0.0,0.52,0.22,0
987,987,987,0.59,0.51,0.47,0.21,0.5,0.0,0.47,0.22,0
988,988,988,0.39,0.47,0.49,0.2,0.5,0.0,0.53,0.26,0
989,989,989,0.49,0.48,0.52,0.24,0.5,0.0,0.5,0.22,0
990,990,990,0.59,0.48,0.49,0.42,0.5,0.0,0.52,0.22,0
991,991,991,0.57,0.35,0.5,0.43,0.5,0.0,0.53,0.22,0
992,992,992,0.61,0.52,0.5,0.44,0.5,0.0,0.53,0.22,0
993,993,993,0.49,0.51,0.52,0.13,0.5,0.0,0.51,0.33,0
994,994,994,0.45,0.4,0.56,0.15,0.5,0.0,0.52,0.22,0
995,995,995,0.63,0.43,0.48,0.11,0.5,0.0,0.51,0.22,0
996,996,996,0.52,0.45,0.53,0.34,0.5,0.0,0.52,0.44,0
997,997,997,0.54,0.48,0.55,0.33,0.5,0.0,0.55,0.4,0
998,998,998,0.55,0.79,0.45,0.25,0.5,0.0,0.51,0.22,0
999,999,999,0.58,0.51,0.63,0.2,0.5,0.0,0.5,0.42,0
1000,1000,1000,0.63,0.58,0.57,0.1,0.5,0.0,0.52,0.33,0
1001,1001,1001,0.54,0.67,0.56,0.15,0.5,0.0,0.57,0.33,0
1002,1002,1002,0.41,0.59,0.65,0.14,0.5,0.0,0.49,0.33,0
1003,1003,1003,0.47,0.38,0.5,0.15,0.5,0.0,0.49,0.47,0
1004,1004,1004,0.33,0.17,0.52,0.13,0.5,0.0,0.51,0.75,0
1005,1005,1005,0.42,0.5,0.59,0.17,0.5,0.0,0.51,0.22,0
1006,1006,1006,0.54,0.55,0.55,0.4,0.5,0.0,0.53,0.22,0
1007,1007,1007,0.31,0.31,0.57,0.15,0.5,0.0,0.5,0.22,0
1008,1008,1008,0.38,0.42,0.5,0.19,0.5,0.0,0.44,0.22,0
1009,1009,1009,0.33,0.36,0.62,0.26,0.5,0.0,0.55,0.22,0
1010,1010,1010,0.38,0.42,0.5,0.19,0.5,0.0,0.44,0.22,0
1011,1011,1011,0.47,0.56,0.58,0.19,0.5,0.0,0.44,0.64,0
1012,1012,1012,0.32,0.32,0.52,0.18,0.5,0.0,0.48,0.34,0
1013,1013,1013,0.28,0.27,0.5,0.14,0.5,0.0,0.5,0.28,0
1014,1014,1014,0.41,0.46,0.57,0.25,0.5,0.0,0.57,0.38,0
1015,1015,1015,0.44,0.54,0.51,0.16,0.5,0.0,0.58,0.22,0
1016,1016,1016,0.44,0.55,0.51,0.16,0.5,0.0,0.6,0.22,0
1017,1017,1017,0.4,0.56,0.53,0.15,0.5,0.0,0.49,0.22,0
1018,1018,1018,0.79,0.79,0.42,0.26,0.5,0.0,0.6,0.22,0
1019,1019,1019,0.8,0.83,0.43,0.24,0.5,0.0,0.54,0.22,0
1020,1020,1020,0.55,0.69,0.51,0.12,0.5,0.0,0.51,0.22,0
1021,1021,1021,0.47,0.46,0.53,0.12,0.5,0.0,0.51,0.25,0
1022,1022,1022,0.57,0.29,0.63,0.22,0.5,0.0,0.49,0.27,0
1023,1023,1023,0.52,0.49,0.59,0.21,0.5,0.0,0.47,0.22,0
1024,1024,1024,0.41,0.42,0.53,0.17,0.5,0.0,0.48,0.58,0
1025,1025,1025,0.45,0.36,0.5,0.19,0.5,0.0,0.53,0.7,0
1026,1026,1026,0.49,0.5,0.42,0.43,0.5,0.0,0.5,0.36,0
1027,1027,1027,0.44,0.49,0.49,0.27,0.5,0.0,0.52,0.22,0
1028,1028,1028,0.25,0.26,0.53,0.17,0.5,0.0,0.45,0.22,0
1029,1029,1029,0.49,0.46,0.54,0.18,0.5,0.0,0.35,0.22,0
1030,1030,1030,0.42,0.37,0.54,0.17,0.5,0.0,0.51,0.22,0
1031,1031,1031,0.42,0.45,0.75,0.21,0.5,0.0,0.48,0.22,0
1032,1032,1032,0.63,0.54,0.53,0.27,0.5,0.0,0.49,0.22,0
1033,1033,1033,0.54,0.43,0.48,0.27,0.5,0.0,0.44,0.41,0
1034,1034,1034,0.4,0.44,0.5,0.13,0.5,0.0,0.52,0.39,0
1035,1035,1035,0.55,0.39,0.39,0.47,0.5,0.0,0.5,0.83,1
1036,1036,1036,0.59,0.48,0.41,0.53,0.5,0.0,0.48,0.56,1
1037,1037,1037,0.49,0.38,0.49,0.15,0.5,0.0,0.53,0.25,0
1038,1038,1038,0.53,0.45,0.52,0.29,0.5,0.0,0.55,0.38,0
1039,1039,1039,0.33,0.46,0.53,0.12,0.5,0.0,0.5,0.27,0
1040,1040,1040,0.57,0.36,0.51,0.25,0.5,0.0,0.54,0.25,0
1041,1041,1041,0.59,0.64,0.44,0.26,0.5,0.0,0.5,0.22,0
1042,1042,1042,0.5,0.5,0.48,0.34,0.5,0.0,0.52,0.27,0
1043,1043,1043,0.52,0.5,0.6,0.2,0.5,0.0,0.52,0.22,0
1044,1044,1044,0.59,0.46,0.57,0.17,0.5,0.0,0.52,0.22,0
1045,1045,1045,0.53,0.42,0.53,0.19,0.5,0.0,0.47,0.22,0
1046,1046,1046,0.59,0.46,0.55,0.17,0.5,0.0,0.52,0.25,0
1047,1047,1047,0.61,0.73,0.5,0.58,0.5,0.0,0.5,0.22,0
1048,1048,1048,0.5,0.43,0.56,0.17,0.5,0.0,0.35,0.22,0
1049,1049,1049,0.36,0.52,0.61,0.33,0.5,0.0,0.52,0.37,0
1050,1050,1050,0.52,0.51,0.48,0.12,0.5,0.0,0.54,0.31,0
1051,1051,1051,0.56,0.46,0.51,0.25,0.5,0.0,0.54,0.22,0
1052,1052,1052,0.47,0.46,0.49,0.27,0.5,0.0,0.59,0.22,0
1053,1053,1053,0.43,0.48,0.36,0.26,0.5,0.0,0.52,0.22,1
1054,1054,1054,0.5,0.44,0.57,0.28,0.5,0.0,0.57,0.22,0
1055,1055,1055,0.46,0.47,0.62,0.3,0.5,0.0,0.38,0.22,0
1056,1056,1056,0.59,0.7,0.46,0.19,0.5,0.0,0.54,0.44,0
1057,1057,1057,0.27,0.43,0.5,0.13,0.5,0.0,0.54,0.31,0
1058,1058,1058,0.42,0.46,0.44,0.17,0.5,0.0,0.51,0.42,0
1059,1059,1059,0.49,0.36,0.47,0.28,0.5,0.0,0.56,0.54,0
1060,1060,1060,0.34,0.42,0.48,0.19,0.5,0.0,0.46,0.31,0
1061,1061,1061,0.6,0.57,0.63,0.22,0.5,0.0,0.5,0.49,0
1062,1062,1062,0.53,0.44,0.54,0.52,0.5,0.0,0.49,0.38,0
1063,1063,1063,0.48,0.39,0.56,0.23,0.5,0.0,0.6,0.22,0
1064,1064,1064,0.47,0.59,0.56,0.09,0.5,0.0,0.5,0.22,0
1065,1065,1065,0.4,0.28,0.58,0.44,0.5,0.0,0.41,0.22,0
1066,1066,1066,0.5,0.47,0.45,0.14,0.5,0.0,0.53,0.32,1
1067,1067,1067,0.55,0.49,0.6,0.18,0.5,0.0,0.51,0.22,0
1068,1068,1068,0.55,0.44,0.5,0.09,0.5,0.0,0.55,0.22,0
1069,1069,1069,0.66,0.37,0.6,0.25,0.5,0.0,0.69,0.22,0
1070,1070,1070,0.51,0.49,0.48,0.55,0.5,0.0,0.52,0.58,0
1071,1071,1071,0.44,0.35,0.55,0.14,0.5,0.0,0.52,0.22,0
1072,1072,1072,0.6,0.37,0.52,0.15,0.5,0.0,0.55,0.26,0
1073,1073,1073,0.48,0.58,0.58,0.12,0.5,0.0,0.49,0.22,0
1074,1074,1074,0.57,0.54,0.32,0.15,0.5,0.0,0.52,0.25,0
1075,1075,1075,0.4,0.36,0.32,0.16,0.5,0.0,0.51,0.27,0
1076,1076,1076,0.5,0.55,0.52,0.16,0.5,0.0,0.51,0.31,0
1077,1077,1077,0.65,0.63,0.47,0.22,0.5,0.0,0.52,0.27,0
1078,1078,1078,0.25,0.4,0.54,0.16,0.5,0.0,0.43,0.22,0
1079,1079,1079,0.63,0.56,0.52,0.21,0.5,0.0,0.5,0.22,0
1080,1080,1080,0.56,0.68,0.42,0.36,0.5,0.0,0.49,0.22,0
1081,1081,1081,0.57,0.47,0.48,0.17,0.5,0.0,0.52,0.26,0
1082,1082,1082,0.46,0.52,0.51,0.13,0.5,0.0,0.47,0.22,0
1083,1083,1083,0.5,0.4,0.57,0.17,0.5,0.0,0.59,0.22,0
1084,1084,1084,0.78,0.71,0.35,0.25,0.5,0.0,0.49,0.22,0
1085,1085,1085,0.64,0.56,0.52,0.17,0.5,0.0,0.54,0.47,0
1086,1086,1086,1.0,0.8,0.29,0.36,0.5,0.0,0.52,0.22,0
1087,1087,1087,0.51,0.39,0.56,0.55,0.5,0.0,0.46,0.64,0
1088,1088,1088,0.69,0.66,0.36,0.09,0.5,0.0,0.56,0.22,0
1089,1089,1089,0.49,0.53,0.36,0.15,0.5,0.0,0.52,0.27,1
1090,1090,1090,0.39,0.63,0.41,0.27,0.5,0.0,0.49,0.22,1
1091,1091,1091,0.45,0.51,0.43,0.22,0.5,0.0,0.57,0.22,0
1092,1092,1092,0.77,0.78,0.27,0.37,0.5,0.0,0.49,0.22,0
1093,1093,1093,0.88,0.75,0.41,0.36,0.5,0.0,0.43,0.22,0
1094,1094,1094,0.49,0.49,0.4,0.2,0.5,0.0,0.48,0.26,1
1095,1095,1095,0.57,0.53,0.6,0.28,0.5,0.0,0.52,0.45,0
1096,1096,1096,0.53,0.52,0.49,0.27,0.5,0.0,0.51,0.22,0
1097,1097,1097,0.33,0.49,0.46,0.22,0.5,0.0,0.53,0.33,1
1098,1098,1098,0.45,0.39,0.46,0.29,0.5,0.0,0.42,0.22,0
1099,1099,1099,0.26,0.3,0.37,0.15,0.5,0.0,0.53,0.25,1
1100,1100,1100,0.28,0.41,0.46,0.18,0.5,0.0,0.47,0.39,0
1101,1101,1101,0.45,0.5,0.43,0.16,0.5,0.0,0.52,0.28,1
1102,1102,1102,0.24,0.25,0.57,0.28,0.5,0.0,0.51,0.11,0
1103,1103,1103,0.46,0.61,0.55,0.29,0.5,0.0,0.49,0.22,0
1104,1104,1104,0.22,0.53,0.36,0.22,0.5,0.0,0.54,0.31,1
1105,1105,1105,0.25,0.41,0.47,0.14,0.5,0.0,0.56,0.68,0
1106,1106,1106,0.43,0.41,0.37,0.18,0.5,0.0,0.54,0.31,1
1107,1107,1107,0.4,0.44,0.47,0.25,0.5,0.0,0.54,0.56,0
1108,1108,1108,0.46,0.59,0.38,0.12,0.5,0.0,0.5,0.22,1
1109,1109,1109,0.29,0.39,0.46,0.36,0.5,0.0,0.51,0.22,0
1110,1110,1110,0.4,0.4,0.43,0.19,0.5,0.83,0.48,0.22,0
1111,1111,1111,0.57,0.52,0.46,0.2,0.5,0.83,0.52,0.41,0
1112,1112,1112,0.77,0.7,0.37,0.12,0.5,0.0,0.49,0.26,0
1113,1113,1113,0.47,0.61,0.32,0.27,0.5,0.0,0.5,0.3,1
1114,1114,1114,0.71,0.51,0.49,0.23,0.5,0.0,0.3,0.32,0
1115,1115,1115,0.59,0.48,0.49,0.49,0.5,0.0,0.36,0.32,0
1116,1116,1116,0.58,0.63,0.52,0.7,0.5,0.0,0.46,0.22,0
1117,1117,1117,0.3,0.68,0.41,0.17,0.5,0.0,0.51,0.22,1
1118,1118,1118,0.74,0.73,0.32,0.2,0.5,0.0,0.55,0.22,0
1119,1119,1119,0.55,0.35,0.36,0.29,0.5,0.0,0.51,0.22,1
1120,1120,1120,0.35,0.32,0.31,0.16,0.5,0.0,0.56,0.22,1
1121,1121,1121,0.67,0.61,0.39,0.24,0.5,0.0,0.51,0.22,1
1122,1122,1122,0.69,0.57,0.39,0.19,0.5,0.0,0.48,0.39,0
1123,1123,1123,0.47,0.41,0.53,0.27,0.5,0.0,0.47,0.25,0
1124,1124,1124,0.39,0.56,0.34,0.18,0.5,0.0,0.49,0.22,1
1125,1125,1125,0.51,0.38,0.42,0.21,0.5,0.0,0.46,0.34,1
1126,1126,1126,0.32,0.45,0.39,0.14,0.5,0.0,0.45,0.22,1
1127,1127,1127,0.75,0.73,0.35,0.33,0.5,0.0,0.49,0.28,0
1128,1128,1128,0.54,0.54,0.56,0.18,0.5,0.0,0.46,0.29,0
1129,1129,1129,0.71,0.64,0.42,0.28,0.5,0.0,0.43,0.22,0
1130,1130,1130,0.28,0.48,0.36,0.16,0.5,0.0,0.53,0.22,1
1131,1131,1131,0.58,0.44,0.45,0.32,0.5,0.0,0.52,0.37,0
1132,1132,1132,0.52,0.65,0.36,0.26,0.5,0.0,0.44,0.22,1
1133,1133,1133,0.64,0.44,0.56,0.15,0.5,0.0,0.56,0.22,0
1134,1134,1134,0.48,0.58,0.47,0.17,0.5,0.0,0.53,0.74,0
1135,1135,1135,0.4,0.4,0.44,0.37,0.5,0.0,0.53,0.25,0
1136,1136,1136,0.38,0.56,0.38,0.16,0.5,0.0,0.53,0.22,1
1137,1137,1137,0.8,0.79,0.43,0.25,0.5,0.0,0.52,0.22,0
1138,1138,1138,0.63,0.65,0.42,0.18,0.5,0.0,0.54,0.27,1
1139,1139,1139,0.47,0.4,0.63,0.19,0.5,0.0,0.52,0.32,0
1140,1140,1140,0.83,0.94,0.32,0.21,0.5,0.0,0.51,0.22,0
1141,1141,1141,0.39,0.33,0.33,0.23,0.5,0.0,0.47,0.22,1
1142,1142,1142,0.5,0.63,0.45,0.13,0.5,0.0,0.45,0.32,1
1143,1143,1143,0.2,0.6,0.5,0.29,0.5,0.0,0.51,0.22,1
1144,1144,1144,0.29,0.26,0.43,0.17,0.5,0.0,0.55,0.3,1
1145,1145,1145,0.92,0.66,0.52,0.23,0.5,0.0,0.53,0.22,0
1146,1146,1146,0.49,0.56,0.37,0.2,0.5,0.0,0.53,0.22,1
1147,1147,1147,0.86,0.78,0.34,0.15,0.5,0.0,0.53,0.22,0
1148,1148,1148,0.38,0.44,0.57,0.14,0.5,0.0,0.53,0.52,0
1149,1149,1149,0.72,0.73,0.41,0.28,0.5,0.0,0.44,0.22,0
1150,1150,1150,0.8,0.73,0.47,0.19,0.5,0.0,0.49,0.22,0
1151,1151,1151,0.49,0.55,0.35,0.23,0.5,0.0,0.57,0.22,1
1152,1152,1152,0.63,0.71,0.44,0.53,0.5,0.0,0.52,0.22,0
1153,1153,1153,0.6,0.68,0.3,0.27,0.5,0.0,0.55,0.22,1
1154,1154,1154,0.4,0.43,0.49,0.17,0.5,0.0,0.51,0.36,0
1155,1155,1155,0.51,0.59,0.46,0.13,0.5,0.0,0.48,0.22,0
1156,1156,1156,0.52,0.46,0.34,0.2,0.5,0.0,0.51,0.25,1
1157,1157,1157,0.34,0.24,0.51,0.15,0.5,0.0,0.54,0.4,0
1158,1158,1158,0.35,0.29,0.46,0.14,0.5,0.0,0.54,0.66,0
1159,1159,1159,0.58,0.67,0.49,0.16,0.5,0.0,0.47,0.28,0
1160,1160,1160,0.85,0.85,0.3,0.31,0.5,0.0,0.55,0.42,0
1161,1161,1161,0.41,0.25,0.59,0.44,0.5,0.0,0.6,0.69,0
1162,1162,1162,0.3,0.37,0.4,0.45,0.5,0.0,0.48,0.41,1
1163,1163,1163,0.38,0.4,0.39,0.19,0.5,0.0,0.46,0.62,0
1164,1164,1164,0.47,0.38,0.58,0.19,0.5,0.0,0.57,0.22,0
1165,1165,1165,0.5,0.61,0.44,0.2,0.5,0.0,0.49,0.22,0
1166,1166,1166,0.41,0.45,0.46,0.23,0.5,0.0,0.5,0.7,0
1167,1167,1167,0.46,0.62,0.46,0.54,0.5,0.0,0.51,0.27,0
1168,1168,1168,0.52,0.53,0.58,0.69,0.5,0.0,0.5,0.22,0
1169,1169,1169,0.41,0.47,0.5,0.14,0.5,0.0,0.53,0.37,0
1170,1170,1170,0.25,0.4,0.52,0.15,0.5,0.0,0.56,0.28,0
1171,1171,1171,0.58,0.56,0.38,0.39,0.5,0.0,0.54,0.57,0
1172,1172,1172,0.39,0.58,0.47,0.18,0.5,0.0,0.48,0.22,0
1173,1173,1173,0.38,0.47,0.47,0.18,0.5,0.0,0.44,0.26,0
1174,1174,1174,0.63,0.57,0.5,0.48,0.5,0.0,0.51,0.22,0
1175,1175,1175,0.51,0.45,0.62,0.25,0.5,0.0,0.59,0.22,0
1176,1176,1176,0.59,0.67,0.54,0.19,0.5,0.0,0.48,0.6,0
1177,1177,1177,0.6,0.61,0.54,0.11,0.5,0.0,0.46,0.22,0
1178,1178,1178,0.48,0.61,0.57,0.17,0.5,0.0,0.45,0.22,0
1179,1179,1179,0.71,0.5,0.5,0.18,0.5,0.0,0.46,0.22,0
1180,1180,1180,0.61,0.48,0.54,0.25,0.5,0.0,0.5,0.22,0
1181,1181,1181,0.38,0.32,0.64,0.41,0.5,0.0,0.44,0.11,0
1182,1182,1182,0.38,0.4,0.66,0.35,0.5,0.0,0.43,0.11,0
1183,1183,1183,0.81,0.62,0.43,0.17,0.5,0.0,0.53,0.22,0
1184,1184,1184,0.47,0.43,0.61,0.4,0.5,0.0,0.48,0.47,0
1185,1185,1185,0.67,0.57,0.36,0.19,0.5,0.0,0.56,0.22,0
1186,1186,1186,0.65,0.54,0.54,0.13,0.5,0.0,0.53,0.22,0
1187,1187,1187,0.58,0.61,0.47,0.13,0.5,0.0,0.48,0.22,0
1188,1188,1188,0.43,0.67,0.48,0.27,0.5,0.0,0.53,0.22,0
1189,1189,1189,0.43,0.39,0.54,0.21,0.5,0.0,0.53,0.27,0
1190,1190,1190,0.6,0.4,0.52,0.46,0.5,0.0,0.53,0.22,0
1191,1191,1191,0.57,0.47,0.6,0.18,0.5,0.0,0.51,0.22,0
1192,1192,1192,0.63,0.67,0.57,0.24,0.5,0.0,0.49,0.22,0
1193,1193,1193,0.8,0.88,0.36,0.39,0.5,0.0,0.56,0.33,0
1194,1194,1194,0.74,0.67,0.47,0.34,0.5,0.0,0.42,0.22,0
1195,1195,1195,0.72,0.61,0.45,0.3,0.5,0.0,0.54,0.25,0
1196,1196,1196,0.4,0.45,0.57,0.18,0.5,0.0,0.56,0.26,0
1197,1197,1197,0.86,0.74,0.51,0.4,0.5,0.0,0.55,0.22,0
1198,1198,1198,0.79,0.57,0.41,0.28,0.5,0.0,0.59,0.22,0
1199,1199,1199,0.37,0.36,0.56,0.18,0.5,0.0,0.48,0.26,0
1200,1200,1200,0.45,0.58,0.48,0.67,0.5,0.0,0.52,0.22,0
1201,1201,1201,0.41,0.46,0.59,0.19,0.5,0.0,0.58,0.27,0
1202,1202,1202,0.54,0.48,0.44,0.08,0.5,0.0,0.52,0.27,0
1203,1203,1203,0.81,0.85,0.47,0.37,0.5,0.0,0.56,0.22,0
1204,1204,1204,0.49,0.42,0.56,0.55,0.5,0.0,0.42,0.25,0
1205,1205,1205,0.63,0.53,0.54,0.4,0.5,0.0,0.5,0.22,0
1206,1206,1206,0.5,0.58,0.46,0.46,0.5,0.0,0.46,0.22,0
1207,1207,1207,0.67,0.62,0.4,0.43,0.5,0.83,0.5,0.22,0
1208,1208,1208,0.42,0.47,0.52,0.41,0.5,0.0,0.53,0.32,0
1209,1209,1209,0.33,0.43,0.64,0.16,0.5,0.0,0.52,0.52,0
1210,1210,1210,0.61,0.72,0.39,0.33,0.5,0.0,0.58,0.22,0
1211,1211,1211,0.42,0.35,0.54,0.18,0.5,0.0,0.56,0.22,0
1212,1212,1212,0.55,0.53,0.55,0.46,0.5,0.0,0.52,0.22,0
1213,1213,1213,0.67,0.62,0.54,0.43,0.5,0.0,0.53,0.22,0
1214,1214,1214,0.35,0.58,0.54,0.16,0.5,0.0,0.51,0.22,0
1215,1215,1215,0.48,0.54,0.5,0.17,0.5,0.0,0.53,0.22,0
1216,1216,1216,0.42,0.43,0.56,0.1,0.5,0.0,0.49,0.22,0
1217,1217,1217,0.49,0.47,0.53,0.16,0.5,0.0,0.48,0.27,0
1218,1218,1218,0.71,0.59,0.48,0.43,0.5,0.0,0.59,0.22,0
1219,1219,1219,0.4,0.42,0.71,0.21,0.5,0.0,0.54,0.32,0
1220,1220,1220,0.42,0.51,0.5,0.12,0.5,0.0,0.52,0.46,0
1221,1221,1221,0.48,0.64,0.61,0.23,0.5,0.0,0.6,0.22,0
1222,1222,1222,0.32,0.57,0.5,0.15,0.5,0.0,0.53,0.22,0
1223,1223,1223,0.59,0.5,0.52,0.28,0.5,0.0,0.55,0.25,0
1224,1224,1224,0.61,0.72,0.31,0.33,0.5,0.0,0.56,0.22,0
1225,1225,1225,0.52,0.56,0.54,0.53,0.5,0.0,0.45,0.22,0
1226,1226,1226,0.58,0.58,0.58,0.49,0.5,0.0,0.49,0.26,0
1227,1227,1227,0.46,0.43,0.38,0.33,0.5,0.0,0.48,0.28,0
1228,1228,1228,0.42,0.31,0.62,0.12,0.5,0.0,0.4,0.22,0
1229,1229,1229,0.49,0.46,0.45,0.45,0.5,0.0,0.52,0.22,0
1230,1230,1230,0.35,0.66,0.49,0.21,0.5,0.0,0.54,0.25,0
1231,1231,1231,0.52,0.4,0.6,0.12,0.5,0.0,0.55,0.22,0
1232,1232,1232,0.77,0.79,0.58,0.23,0.5,0.0,0.48,0.22,0
1233,1233,1233,0.78,0.74,0.58,0.25,1.0,0.0,0.53,0.22,0
1234,1234,1234,0.57,0.41,0.59,0.24,0.5,0.0,0.4,0.22,0
1235,1235,1235,0.38,0.51,0.75,0.17,0.5,0.0,0.55,0.22,0
1236,1236,1236,0.38,0.51,0.75,0.17,0.5,0.0,0.55,0.22,0
1237,1237,1237,0.4,0.56,0.48,0.14,0.5,0.0,0.47,0.22,0
1238,1238,1238,0.45,0.27,0.57,0.36,0.5,0.0,0.52,0.18,0
1239,1239,1239,0.36,0.68,0.38,0.08,0.5,0.0,0.53,0.25,0
1240,1240,1240,0.27,0.36,0.6,0.33,0.5,0.0,0.37,0.31,0
1241,1241,1241,0.23,0.2,0.53,0.2,0.5,0.0,0.44,0.22,0
1242,1242,1242,0.36,0.24,0.49,0.16,0.5,0.0,0.51,0.22,0
1243,1243,1243,0.38,0.48,0.59,0.22,0.5,0.0,0.46,0.22,0
1244,1244,1244,0.41,0.24,0.54,0.26,0.5,0.0,0.41,0.22,0
1245,1245,1245,0.5,0.51,0.52,0.09,0.5,0.0,0.48,0.25,0
1246,1246,1246,0.46,0.43,0.49,0.79,0.5,0.0,0.49,0.63,0
1247,1247,1247,0.61,0.3,0.59,0.12,0.5,0.0,0.49,0.27,0
1248,1248,1248,0.45,0.56,0.54,0.32,0.5,0.0,0.57,0.22,0
1249,1249,1249,0.71,0.56,0.39,0.27,0.5,0.0,0.52,0.22,0
1250,1250,1250,0.63,0.61,0.41,0.22,0.5,0.0,0.51,0.22,1
1251,1251,1251,0.58,0.53,0.38,0.18,0.5,0.0,0.52,0.22,1
1252,1252,1252,0.32,0.47,0.55,0.12,0.5,0.0,0.52,0.22,0
1253,1253,1253,0.77,0.8,0.51,0.4,1.0,0.0,0.54,0.22,0
1254,1254,1254,0.81,0.82,0.41,0.36,0.5,0.0,0.39,0.22,0
1255,1255,1255,0.69,0.6,0.51,0.13,0.5,0.83,0.52,0.22,0
1256,1256,1256,0.74,0.72,0.47,0.25,0.5,0.0,0.57,0.22,0
1257,1257,1257,0.35,0.56,0.36,0.3,0.5,0.0,0.53,0.25,1
1258,1258,1258,0.51,0.58,0.54,0.29,0.5,0.0,0.53,0.22,0
1259,1259,1259,0.5,0.5,0.48,0.17,0.5,0.0,0.47,0.26,0
1260,1260,1260,0.45,0.42,0.52,0.2,0.5,0.0,0.5,0.25,0
1261,1261,1261,0.42,0.39,0.47,0.13,0.5,0.0,0.5,0.27,0
1262,1262,1262,0.27,0.51,0.47,0.35,0.5,0.0,0.49,0.28,0
1263,1263,1263,0.49,0.31,0.34,0.13,0.5,0.0,0.52,0.22,1
1264,1264,1264,0.49,0.42,0.54,0.17,0.5,0.0,0.5,0.36,0
1265,1265,1265,0.34,0.66,0.51,0.16,0.5,0.0,0.47,0.33,0
1266,1266,1266,0.74,0.53,0.5,0.08,0.5,0.0,0.55,0.31,0
1267,1267,1267,0.69,0.48,0.38,0.15,0.5,0.0,0.55,0.22,0
1268,1268,1268,0.44,0.51,0.48,0.38,0.5,0.0,0.52,0.22,0
1269,1269,1269,0.58,0.45,0.48,0.24,0.5,0.0,0.52,0.37,0
1270,1270,1270,0.38,0.49,0.61,0.13,0.5,0.0,0.54,0.22,0
1271,1271,1271,0.47,0.49,0.63,0.17,0.5,0.0,0.31,0.26,0
1272,1272,1272,0.21,0.38,0.49,0.16,0.5,0.0,0.51,0.45,0
1273,1273,1273,0.57,0.59,0.5,0.58,0.5,0.0,0.53,0.22,0
1274,1274,1274,0.46,0.45,0.56,0.16,0.5,0.0,0.56,0.22,0
1275,1275,1275,0.56,0.44,0.56,0.19,0.5,0.0,0.54,0.22,0
1276,1276,1276,0.61,0.54,0.49,0.16,0.5,0.0,0.54,0.42,0
1277,1277,1277,0.66,0.62,0.52,0.17,0.5,0.0,0.49,0.22,0
1278,1278,1278,0.44,0.41,0.58,0.2,0.5,0.0,0.57,0.25,0
1279,1279,1279,0.43,0.45,0.37,0.12,0.5,0.0,0.48,0.22,1
1280,1280,1280,0.45,0.57,0.3,0.17,0.5,0.0,0.51,0.22,1
1281,1281,1281,0.67,0.51,0.53,0.28,0.5,0.0,0.51,0.22,0
1282,1282,1282,0.35,0.49,0.47,0.22,0.5,0.0,0.5,0.28,0
1283,1283,1283,0.35,0.53,0.35,0.33,0.5,0.0,0.5,0.32,1
1284,1284,1284,0.42,0.32,0.61,0.13,0.5,0.0,0.14,0.27,0
1285,1285,1285,0.5,0.45,0.49,0.3,0.5,0.0,0.47,0.4,0
1286,1286,1286,0.7,0.73,0.37,0.37,0.5,0.0,0.48,0.31,0
1287,1287,1287,0.81,0.76,0.32,0.37,0.5,0.0,0.51,0.22,0
1288,1288,1288,0.85,0.56,0.33,0.38,1.0,0.0,0.55,0.25,0
1289,1289,1289,0.59,0.53,0.47,0.26,0.5,0.0,0.53,0.31,0
1290,1290,1290,0.7,0.73,0.38,0.36,0.5,0.0,0.54,0.22,0
1291,1291,1291,0.48,0.43,0.45,0.17,0.5,0.0,0.48,0.37,1
1292,1292,1292,0.84,0.87,0.45,0.54,0.5,0.0,0.28,0.22,0
1293,1293,1293,0.43,0.45,0.54,0.14,0.5,0.0,0.5,0.31,0
1294,1294,1294,0.77,0.6,0.42,0.33,0.5,0.0,0.57,0.22,0
1295,1295,1295,0.36,0.44,0.57,0.18,0.5,0.0,0.42,0.22,0
1296,1296,1296,0.43,0.38,0.51,0.24,0.5,0.0,0.46,0.33,0
1297,1297,1297,0.46,0.4,0.38,0.18,0.5,0.0,0.49,0.22,1
1298,1298,1298,0.68,0.5,0.55,0.65,0.5,0.0,0.46,0.31,0
1299,1299,1299,0.5,0.45,0.48,0.17,0.5,0.0,0.5,0.26,0
1300,1300,1300,0.44,0.53,0.43,0.17,0.5,0.0,0.54,0.75,0
1301,1301,1301,0.62,0.64,0.56,0.2,0.5,0.0,0.48,0.33,0
1302,1302,1302,0.46,0.32,0.58,0.17,0.5,0.0,0.61,0.25,0
1303,1303,1303,0.5,0.34,0.62,0.19,0.5,0.0,0.57,0.22,0
1304,1304,1304,0.48,0.51,0.57,0.24,0.5,0.0,0.5,0.22,0
1305,1305,1305,0.5,0.62,0.54,0.66,0.5,0.0,0.49,0.22,0
1306,1306,1306,0.7,0.53,0.42,0.22,0.5,0.0,0.51,0.28,0
1307,1307,1307,0.47,0.6,0.35,0.21,0.5,0.0,0.52,0.22,1
1308,1308,1308,0.43,0.83,0.55,0.2,0.5,0.0,0.47,0.4,0
1309,1309,1309,0.79,0.74,0.49,0.33,0.5,0.0,0.48,0.22,0
1310,1310,1310,0.5,0.49,0.59,0.47,0.5,0.0,0.49,0.36,0
1311,1311,1311,0.43,0.39,0.59,0.13,0.5,0.0,0.41,0.43,0
1312,1312,1312,0.41,0.54,0.58,0.2,0.5,0.0,0.52,0.22,0
1313,1313,1313,0.45,0.38,0.64,0.14,0.5,0.0,0.54,0.22,0
1314,1314,1314,0.58,0.52,0.61,0.33,0.5,0.0,0.38,0.11,0
1315,1315,1315,0.64,0.64,0.56,0.21,0.5,0.0,0.5,0.22,0
1316,1316,1316,0.38,0.54,0.54,0.41,0.5,0.0,0.51,0.22,0
1317,1317,1317,0.51,0.48,0.51,0.43,0.5,0.0,0.49,0.22,0
1318,1318,1318,0.53,0.4,0.57,0.12,0.5,0.0,0.53,0.32,0
1319,1319,1319,0.63,0.6,0.5,0.27,0.5,0.0,0.55,0.22,0
1320,1320,1320,0.6,0.51,0.52,0.45,0.5,0.0,0.5,0.27,0
1321,1321,1321,0.53,0.61,0.51,0.49,0.5,0.0,0.54,0.27,0
1322,1322,1322,0.36,0.44,0.51,0.17,0.5,0.0,0.6,0.19,0
1323,1323,1323,0.45,0.21,0.49,0.24,0.5,0.0,0.46,0.31,0
1324,1324,1324,0.29,0.34,0.55,0.24,0.5,0.0,0.51,0.22,0
1325,1325,1325,0.64,0.76,0.51,0.18,0.5,0.0,0.46,0.22,0
1326,1326,1326,0.75,0.66,0.64,0.39,0.5,0.0,0.46,0.32,0
1327,1327,1327,0.39,0.28,0.54,0.14,0.5,0.0,0.59,0.22,0
1328,1328,1328,0.49,0.27,0.57,0.18,0.5,0.83,0.54,0.22,0
1329,1329,1329,0.5,0.5,0.54,0.16,0.5,0.0,0.49,0.22,0
1330,1330,1330,0.45,0.46,0.61,0.2,0.5,0.0,0.62,0.22,0
1331,1331,1331,0.49,0.45,0.53,0.16,0.5,0.0,0.49,0.31,0
1332,1332,1332,0.55,0.59,0.52,0.1,0.5,0.0,0.53,0.22,0
1333,1333,1333,0.33,0.38,0.45,0.19,0.5,0.0,0.54,0.37,0
1334,1334,1334,0.48,0.45,0.59,0.35,0.5,0.0,0.55,0.3,0
1335,1335,1335,0.26,0.28,0.6,0.2,0.5,0.0,0.54,0.31,0
1336,1336,1336,0.46,0.46,0.53,0.23,0.5,0.0,0.51,0.22,0
1337,1337,1337,0.28,0.36,0.55,0.15,0.5,0.0,0.57,0.22,0
1338,1338,1338,0.74,0.72,0.5,0.28,0.5,0.0,0.49,0.27,0
1339,1339,1339,0.53,0.54,0.43,0.18,0.5,0.0,0.53,0.31,0
1340,1340,1340,0.47,0.54,0.53,0.77,0.5,0.0,0.52,0.36,0
1341,1341,1341,0.37,0.51,0.39,0.18,0.5,0.0,0.51,0.27,1
1342,1342,1342,0.49,0.71,0.54,0.13,0.5,0.0,0.58,0.22,0
1343,1343,1343,0.46,0.37,0.48,0.36,0.5,0.0,0.48,0.22,0
1344,1344,1344,0.75,0.69,0.48,0.13,0.5,0.0,0.57,0.4,0
1345,1345,1345,0.69,0.7,0.5,0.3,0.5,0.0,0.54,0.22,0
1346,1346,1346,0.46,0.62,0.54,0.25,0.5,0.0,0.46,0.22,0
1347,1347,1347,0.68,0.39,0.5,0.15,0.5,0.0,0.48,0.37,0
1348,1348,1348,0.48,0.56,0.49,0.32,0.5,0.0,0.5,0.22,0
1349,1349,1349,0.36,0.33,0.38,0.15,0.5,0.0,0.55,0.36,1
1350,1350,1350,0.48,0.48,0.56,0.18,0.5,0.0,0.58,0.22,0
1351,1351,1351,0.61,0.55,0.51,0.26,0.5,0.0,0.52,0.22,0
1352,1352,1352,0.5,0.62,0.52,0.3,0.5,0.0,0.56,0.22,0
1353,1353,1353,0.68,0.53,0.44,0.31,0.5,0.0,0.51,0.22,0
1354,1354,1354,0.61,0.39,0.53,0.14,0.5,0.0,0.43,0.26,0
1355,1355,1355,0.39,0.16,0.59,0.08,0.5,0.0,0.51,0.27,0
1356,1356,1356,0.51,0.55,0.56,0.18,0.5,0.0,0.5,0.38,0
1357,1357,1357,0.31,0.39,0.55,0.28,0.5,0.0,0.46,0.31,0
1358,1358,1358,0.54,0.53,0.53,0.17,0.5,0.0,0.51,0.39,0
1359,1359,1359,0.49,0.67,0.5,0.28,0.5,0.0,0.43,0.22,0
1360,1360,1360,0.44,0.45,0.53,0.19,0.5,0.0,0.41,0.28,0
1361,1361,1361,0.46,0.41,0.58,0.1,0.5,0.0,0.48,0.22,0
1362,1362,1362,0.57,0.51,0.58,0.22,0.5,0.0,0.51,0.22,0
1363,1363,1363,0.37,0.58,0.5,0.22,0.5,0.0,0.47,0.22,0
1364,1364,1364,0.5,0.36,0.64,0.37,0.5,0.0,0.37,0.33,0
1365,1365,1365,0.45,0.5,0.57,0.29,0.5,0.0,0.44,0.11,0
1366,1366,1366,0.61,0.38,0.57,0.36,0.5,0.0,0.44,0.21,0
1367,1367,1367,0.61,0.38,0.57,0.36,0.5,0.0,0.44,0.21,0
1368,1368,1368,0.35,0.41,0.53,0.27,0.5,0.0,0.47,0.29,0
1369,1369,1369,0.34,0.48,0.47,0.19,0.5,0.0,0.5,0.3,0
1370,1370,1370,0.44,0.5,0.55,0.24,0.5,0.0,0.48,0.22,0
1371,1371,1371,0.31,0.6,0.65,0.18,0.5,0.0,0.46,0.22,0
1372,1372,1372,0.38,0.38,0.54,0.24,0.5,0.0,0.54,0.22,0
1373,1373,1373,0.36,0.56,0.52,0.18,0.5,0.0,0.45,0.16,0
1374,1374,1374,0.63,0.64,0.45,0.26,0.5,0.0,0.43,0.22,0
1375,1375,1375,0.63,0.64,0.45,0.26,0.5,0.0,0.43,0.22,0
1376,1376,1376,0.43,0.33,0.67,0.12,0.5,0.0,0.45,0.23,0
1377,1377,1377,0.35,0.21,1.0,0.8,0.5,0.0,0.13,0.01,0
1378,1378,1378,0.56,0.35,0.47,0.41,0.5,0.0,0.5,0.22,0
1379,1379,1379,0.66,0.6,0.52,0.19,0.5,0.0,0.69,0.22,0
1380,1380,1380,0.73,0.6,0.47,0.2,0.5,0.0,0.72,0.22,0
1381,1381,1381,0.78,0.82,0.56,0.21,0.5,0.0,0.69,0.22,0
1382,1382,1382,0.47,0.56,0.46,0.5,0.5,0.0,0.51,0.22,0
1383,1383,1383,0.52,0.43,0.61,0.22,0.5,0.0,0.45,0.22,0
1384,1384,1384,0.41,0.49,0.65,0.28,0.5,0.0,0.59,0.57,0
1385,1385,1385,0.53,0.57,0.6,0.36,0.5,0.0,0.5,0.22,0
1386,1386,1386,0.37,0.3,0.62,0.43,0.5,0.0,0.44,0.39,0
1387,1387,1387,0.41,0.46,0.58,0.08,0.5,0.0,0.51,0.28,0
1388,1388,1388,0.51,0.4,0.5,0.28,0.5,0.0,0.48,0.27,0
1389,1389,1389,0.39,0.46,0.33,0.18,0.5,0.0,0.53,0.22,1
1390,1390,1390,0.46,0.49,0.55,0.18,0.5,0.0,0.56,0.22,0
1391,1391,1391,0.53,0.51,0.55,0.57,0.5,0.0,0.46,0.22,0
1392,1392,1392,0.6,0.51,0.49,0.18,0.5,0.0,0.53,0.38,0
1393,1393,1393,0.85,0.66,0.49,0.18,0.5,0.0,0.51,0.22,0
1394,1394,1394,0.58,0.56,0.46,0.14,0.5,0.0,0.51,0.22,0
1395,1395,1395,0.46,0.47,0.44,0.18,1.0,0.0,0.46,0.22,0
1396,1396,1396,0.54,0.51,0.56,0.15,0.5,0.0,0.54,0.31,0
1397,1397,1397,0.54,0.44,0.35,0.19,0.5,0.0,0.51,0.27,1
1398,1398,1398,0.52,0.55,0.39,0.09,1.0,0.0,0.55,0.25,1
1399,1399,1399,0.47,0.37,0.46,0.28,0.5,0.0,0.52,0.99,0
1400,1400,1400,0.3,0.33,0.55,0.12,0.5,0.0,0.53,0.38,0
1401,1401,1401,0.49,0.49,0.52,0.18,0.5,0.0,0.51,0.25,0
1402,1402,1402,0.56,0.59,0.45,0.15,0.5,0.0,0.54,0.22,0
1403,1403,1403,0.45,0.65,0.51,0.17,0.5,0.0,0.49,0.22,0
1404,1404,1404,0.45,0.41,0.53,0.49,0.5,0.0,0.49,0.31,0
1405,1405,1405,0.33,0.42,0.55,0.23,0.5,0.0,0.52,0.43,0
1406,1406,1406,0.37,0.47,0.49,0.12,0.5,0.0,0.47,0.31,0
1407,1407,1407,0.38,0.42,0.31,0.35,0.5,0.0,0.52,0.22,1
1408,1408,1408,0.4,0.75,0.44,0.12,0.5,0.0,0.49,0.22,0
1409,1409,1409,0.6,0.64,0.56,0.36,0.5,0.0,0.46,0.27,0
1410,1410,1410,0.55,0.4,0.62,0.22,0.5,0.0,0.37,0.28,0
1411,1411,1411,0.55,0.57,0.51,0.07,0.5,0.0,0.55,0.22,0
1412,1412,1412,0.36,0.32,0.55,0.27,0.5,0.0,0.47,0.43,0
1413,1413,1413,0.66,0.65,0.54,0.4,0.5,0.0,0.51,0.22,0
1414,1414,1414,0.49,0.6,0.54,0.35,0.5,0.0,0.53,0.46,0
1415,1415,1415,0.49,0.48,0.51,0.21,0.5,0.0,0.53,0.22,0
1416,1416,1416,0.51,0.48,0.51,0.19,0.5,0.0,0.51,0.27,0
1417,1417,1417,0.6,0.46,0.51,0.1,0.5,0.0,0.48,0.31,0
1418,1418,1418,0.6,0.46,0.51,0.1,0.5,0.0,0.48,0.31,0
1419,1419,1419,0.45,0.45,0.51,0.3,0.5,0.0,0.48,0.44,0
1420,1420,1420,0.41,0.42,0.23,0.16,0.5,0.0,0.4,0.22,1
1421,1421,1421,0.49,0.31,0.43,0.24,0.5,0.0,0.54,0.22,1
1422,1422,1422,0.46,0.41,0.43,0.18,0.5,0.0,0.54,0.22,1
1423,1423,1423,0.83,0.81,0.45,0.38,0.5,0.0,0.4,0.26,0
1424,1424,1424,0.38,0.51,0.56,0.21,0.5,0.0,0.48,0.31,0
1425,1425,1425,0.32,0.36,0.28,0.38,0.5,0.0,0.5,0.4,1
1426,1426,1426,0.44,0.4,0.53,0.19,0.5,0.0,0.48,0.27,0
1427,1427,1427,0.36,0.5,0.39,0.23,0.5,0.0,0.5,0.22,1
1428,1428,1428,0.58,0.64,0.42,0.3,0.5,0.0,0.54,0.22,0
1429,1429,1429,0.74,0.82,0.46,0.24,0.5,0.0,0.48,0.22,0
1430,1430,1430,0.39,0.39,0.65,0.16,0.5,0.0,0.45,0.22,0
1431,1431,1431,0.41,0.35,0.6,0.22,0.5,0.0,0.56,0.79,0
1432,1432,1432,0.31,0.51,0.38,0.18,0.5,0.0,0.46,0.31,1
1433,1433,1433,0.63,0.64,0.49,0.2,0.5,0.0,0.52,0.25,0
1434,1434,1434,0.63,0.43,0.48,0.11,0.5,0.0,0.51,0.22,0
1435,1435,1435,0.77,0.7,0.44,0.29,0.5,0.0,0.56,0.22,0
1436,1436,1436,0.58,0.55,0.51,0.13,0.5,0.0,0.52,0.22,0
1437,1437,1437,0.53,0.51,0.54,0.21,0.5,0.0,0.45,0.22,0
1438,1438,1438,0.39,0.45,0.75,0.17,0.5,0.0,0.51,0.22,0
1439,1439,1439,0.62,0.6,0.54,0.22,0.5,0.0,0.54,0.27,0
1440,1440,1440,0.45,0.76,0.51,0.25,0.5,0.0,0.59,0.22,0
1441,1441,1441,0.48,0.44,0.51,0.24,0.5,0.0,0.49,0.22,0
1442,1442,1442,0.79,0.56,0.53,0.19,0.5,0.0,0.47,0.35,0
1443,1443,1443,0.79,0.62,0.35,0.35,0.5,0.0,0.6,0.28,0
1444,1444,1444,0.66,0.54,0.53,0.17,0.5,0.0,0.54,0.22,0
1445,1445,1445,0.5,0.46,0.49,0.27,0.5,0.0,0.6,0.22,0
1446,1446,1446,0.19,0.41,0.55,0.13,0.5,0.0,0.52,0.25,0
1447,1447,1447,0.42,0.51,0.33,0.16,0.5,0.0,0.54,0.22,1
1448,1448,1448,0.56,0.49,0.47,0.13,0.5,0.0,0.52,0.22,0
1449,1449,1449,0.54,0.35,0.55,0.19,0.5,0.0,0.3,0.22,0
1450,1450,1450,0.36,0.51,0.51,0.17,0.5,0.0,0.52,0.22,0
1451,1451,1451,0.68,0.68,0.35,0.16,0.5,0.0,0.62,0.22,0
1452,1452,1452,0.73,0.59,0.35,0.15,0.5,0.0,0.54,0.22,0
1453,1453,1453,0.64,0.61,0.56,0.15,0.5,0.0,0.54,0.22,0
1454,1454,1454,0.65,0.58,0.53,0.21,0.5,0.0,0.51,0.22,0
1455,1455,1455,0.48,0.49,0.49,0.26,0.5,0.0,0.39,0.27,0
1456,1456,1456,0.41,0.48,0.51,0.2,0.5,0.0,0.51,0.22,0
1457,1457,1457,0.4,0.45,0.45,0.15,0.5,0.0,0.53,0.48,0
1458,1458,1458,0.5,0.47,0.56,0.31,0.5,0.0,0.56,0.26,0
1459,1459,1459,0.71,0.79,0.41,0.38,0.5,0.0,0.54,0.22,0
1460,1460,1460,0.47,0.41,0.46,0.18,0.5,0.0,0.53,0.22,1
1461,1461,1461,0.59,0.56,0.5,0.48,0.5,0.0,0.46,0.22,0
1462,1462,1462,0.32,0.3,0.57,0.38,0.5,0.0,0.5,0.25,0
1463,1463,1463,0.54,0.44,0.38,0.22,0.5,0.0,0.54,0.3,1
1464,1464,1464,0.8,0.82,0.4,0.31,0.5,0.0,0.57,0.25,0
1465,1465,1465,0.43,0.6,0.4,0.12,0.5,0.0,0.49,0.29,1
1466,1466,1466,0.56,0.71,0.47,0.21,0.5,0.0,0.52,0.22,0
1467,1467,1467,0.65,0.62,0.26,0.33,0.5,0.0,0.55,0.22,1
1468,1468,1468,0.42,0.71,0.45,0.15,0.5,0.0,0.48,0.22,1
1469,1469,1469,0.38,0.37,0.36,0.14,0.5,0.0,0.54,0.22,1
1470,1470,1470,0.61,0.76,0.3,0.16,0.5,0.0,0.45,0.41,1
1471,1471,1471,0.33,0.38,0.47,0.14,0.5,0.0,0.51,0.47,0
1472,1472,1472,0.38,0.67,0.33,0.17,0.5,0.0,0.51,0.22,1
1473,1473,1473,0.51,0.46,0.41,0.36,0.5,0.0,0.49,0.22,1
1474,1474,1474,0.82,0.63,0.47,0.18,0.5,0.0,0.5,0.22,0
1475,1475,1475,0.77,0.68,0.35,0.19,0.5,0.0,0.53,0.43,0
1476,1476,1476,0.47,0.5,0.6,0.63,0.5,0.0,0.38,0.16,0
1477,1477,1477,0.36,0.48,0.61,0.26,0.5,0.0,0.5,0.16,0
1478,1478,1478,0.57,0.59,0.49,0.86,0.5,0.0,0.47,0.22,0
1479,1479,1479,0.77,0.74,0.37,0.29,0.5,0.0,0.45,0.22,0
1480,1480,1480,0.74,0.75,0.45,0.44,0.5,0.0,0.52,0.22,0
1481,1481,1481,0.32,0.29,0.29,0.08,0.5,0.0,0.52,0.22,1
1482,1482,1482,0.38,0.48,0.57,0.3,0.5,0.0,0.41,0.11,0
1483,1483,1483,0.43,0.4,0.6,0.16,0.5,0.0,0.53,0.39,0
